/*
Navicat MySQL Data Transfer

Source Server         : localhost_3306
Source Server Version : 50511
Source Host           : localhost:3306
Source Database       : boke

Target Server Type    : MYSQL
Target Server Version : 50511
File Encoding         : 65001

Date: 2013-10-07 11:45:16
*/

SET FOREIGN_KEY_CHECKS=0;

-- ----------------------------
-- Table structure for `channel`
-- ----------------------------
DROP TABLE IF EXISTS `channel`;
CREATE TABLE `channel` (
  `id` int(11) NOT NULL AUTO_INCREMENT,
  `name` varchar(20) NOT NULL,
  PRIMARY KEY (`id`)
) ENGINE=InnoDB AUTO_INCREMENT=22 DEFAULT CHARSET=utf8;

-- ----------------------------
-- Records of channel
-- ----------------------------
INSERT INTO `channel` VALUES ('1', '电视剧');
INSERT INTO `channel` VALUES ('2', '电影');
INSERT INTO `channel` VALUES ('3', '综艺');
INSERT INTO `channel` VALUES ('4', '动漫');
INSERT INTO `channel` VALUES ('5', '音乐');
INSERT INTO `channel` VALUES ('6', '教育');
INSERT INTO `channel` VALUES ('7', '纪录片');
INSERT INTO `channel` VALUES ('8', '资讯');
INSERT INTO `channel` VALUES ('9', '娱乐');
INSERT INTO `channel` VALUES ('10', '原创');
INSERT INTO `channel` VALUES ('11', '体育');
INSERT INTO `channel` VALUES ('12', '汽车');
INSERT INTO `channel` VALUES ('13', '科技');
INSERT INTO `channel` VALUES ('14', '游戏');
INSERT INTO `channel` VALUES ('15', '生活');
INSERT INTO `channel` VALUES ('16', '时尚');
INSERT INTO `channel` VALUES ('17', '旅游');
INSERT INTO `channel` VALUES ('18', '母婴');
INSERT INTO `channel` VALUES ('19', '搞笑');
INSERT INTO `channel` VALUES ('20', '广告');
INSERT INTO `channel` VALUES ('21', '其他');

-- ----------------------------
-- Table structure for `comment`
-- ----------------------------
DROP TABLE IF EXISTS `comment`;
CREATE TABLE `comment` (
  `id` int(11) NOT NULL AUTO_INCREMENT,
  `user_id` int(11) NOT NULL,
  `video_id` int(11) NOT NULL,
  `content` varchar(300) NOT NULL,
  `time` timestamp NOT NULL DEFAULT '0000-00-00 00:00:00',
  PRIMARY KEY (`id`),
  KEY `user_id` (`user_id`),
  KEY `video_id` (`video_id`),
  CONSTRAINT `comment_ibfk_1` FOREIGN KEY (`user_id`) REFERENCES `user` (`id`) ON DELETE CASCADE ON UPDATE NO ACTION,
  CONSTRAINT `comment_ibfk_2` FOREIGN KEY (`video_id`) REFERENCES `video` (`id`) ON DELETE CASCADE ON UPDATE NO ACTION
) ENGINE=InnoDB AUTO_INCREMENT=23 DEFAULT CHARSET=utf8;

-- ----------------------------
-- Records of comment
-- ----------------------------
INSERT INTO `comment` VALUES ('13', '1', '30524', 'da', '2013-07-06 01:46:16');
INSERT INTO `comment` VALUES ('14', '1', '30524', 'sdsdsd', '2013-07-06 01:47:25');
INSERT INTO `comment` VALUES ('15', '1', '30296', 'asdasd', '2013-07-06 01:48:54');
INSERT INTO `comment` VALUES ('16', '1', '30492', 'asdasd', '2013-07-06 01:53:03');
INSERT INTO `comment` VALUES ('17', '1', '30492', 'asd', '2013-07-06 01:58:47');
INSERT INTO `comment` VALUES ('18', '1', '30492', 'sdasd', '2013-07-06 02:01:15');
INSERT INTO `comment` VALUES ('19', '1', '30584', '这车不错！！！', '2013-07-06 02:01:47');
INSERT INTO `comment` VALUES ('20', '18', '30584', '是的，我很多同事买了这款车。', '2013-07-06 02:03:29');
INSERT INTO `comment` VALUES ('21', '18', '30571', '阿四大时代', '2013-07-06 02:39:05');
INSERT INTO `comment` VALUES ('22', '18', '30296', '阿四大时代', '2013-07-06 02:50:35');

-- ----------------------------
-- Table structure for `config`
-- ----------------------------
DROP TABLE IF EXISTS `config`;
CREATE TABLE `config` (
  `id` int(11) NOT NULL AUTO_INCREMENT,
  `name` varchar(40) NOT NULL,
  `value` varchar(40) NOT NULL,
  PRIMARY KEY (`id`)
) ENGINE=InnoDB AUTO_INCREMENT=2 DEFAULT CHARSET=utf8;

-- ----------------------------
-- Records of config
-- ----------------------------
INSERT INTO `config` VALUES ('1', 'default_face_id', '11');

-- ----------------------------
-- Table structure for `face`
-- ----------------------------
DROP TABLE IF EXISTS `face`;
CREATE TABLE `face` (
  `id` int(11) NOT NULL AUTO_INCREMENT,
  `pic_file_name` varchar(40) NOT NULL,
  `description` varchar(20) DEFAULT NULL,
  PRIMARY KEY (`id`)
) ENGINE=InnoDB AUTO_INCREMENT=13 DEFAULT CHARSET=utf8;

-- ----------------------------
-- Records of face
-- ----------------------------
INSERT INTO `face` VALUES ('1', '1.jpg', null);
INSERT INTO `face` VALUES ('2', '2.jpg', null);
INSERT INTO `face` VALUES ('3', '3.jpg', null);
INSERT INTO `face` VALUES ('4', '4.jpg', null);
INSERT INTO `face` VALUES ('5', '5.jpg', null);
INSERT INTO `face` VALUES ('6', '6.jpg', null);
INSERT INTO `face` VALUES ('7', '7.jpg', null);
INSERT INTO `face` VALUES ('8', '8.jpg', null);
INSERT INTO `face` VALUES ('9', '9.jpg', null);
INSERT INTO `face` VALUES ('10', '10.jpg', null);
INSERT INTO `face` VALUES ('11', '11.jpg', null);
INSERT INTO `face` VALUES ('12', '12.jpg', null);

-- ----------------------------
-- Table structure for `fan`
-- ----------------------------
DROP TABLE IF EXISTS `fan`;
CREATE TABLE `fan` (
  `id` int(11) NOT NULL AUTO_INCREMENT,
  `listener_id` int(11) NOT NULL,
  `host_id` int(11) NOT NULL,
  PRIMARY KEY (`id`),
  KEY `FK18B13540C49EA` (`host_id`),
  KEY `FK18B13623F8F5E` (`listener_id`),
  CONSTRAINT `FK18B13540C49EA` FOREIGN KEY (`host_id`) REFERENCES `user` (`id`),
  CONSTRAINT `FK18B13623F8F5E` FOREIGN KEY (`listener_id`) REFERENCES `user` (`id`)
) ENGINE=InnoDB DEFAULT CHARSET=utf8;

-- ----------------------------
-- Records of fan
-- ----------------------------

-- ----------------------------
-- Table structure for `message`
-- ----------------------------
DROP TABLE IF EXISTS `message`;
CREATE TABLE `message` (
  `id` int(11) NOT NULL AUTO_INCREMENT,
  `sender_id` int(11) NOT NULL,
  `receiver_id` int(11) NOT NULL,
  `content` varchar(300) NOT NULL,
  `time` timestamp NOT NULL DEFAULT '0000-00-00 00:00:00',
  PRIMARY KEY (`id`),
  KEY `sender_id` (`sender_id`),
  KEY `receiver_id` (`receiver_id`),
  CONSTRAINT `message_ibfk_1` FOREIGN KEY (`sender_id`) REFERENCES `user` (`id`) ON DELETE CASCADE ON UPDATE NO ACTION,
  CONSTRAINT `message_ibfk_2` FOREIGN KEY (`receiver_id`) REFERENCES `user` (`id`) ON DELETE CASCADE ON UPDATE NO ACTION
) ENGINE=InnoDB DEFAULT CHARSET=utf8;

-- ----------------------------
-- Records of message
-- ----------------------------

-- ----------------------------
-- Table structure for `user`
-- ----------------------------
DROP TABLE IF EXISTS `user`;
CREATE TABLE `user` (
  `id` int(11) NOT NULL AUTO_INCREMENT,
  `name` varchar(20) NOT NULL,
  `password` varchar(20) NOT NULL,
  `face_pic_id` int(11) NOT NULL,
  `last_login_time` timestamp NULL DEFAULT '0000-00-00 00:00:00',
  `visit_count` int(11) NOT NULL,
  `total_play_count` int(11) NOT NULL,
  PRIMARY KEY (`id`),
  KEY `face_pic_id` (`face_pic_id`),
  CONSTRAINT `user_ibfk_1` FOREIGN KEY (`face_pic_id`) REFERENCES `face` (`id`) ON DELETE NO ACTION ON UPDATE NO ACTION
) ENGINE=InnoDB AUTO_INCREMENT=19 DEFAULT CHARSET=utf8;

-- ----------------------------
-- Records of user
-- ----------------------------
INSERT INTO `user` VALUES ('1', 'daniel', 'daniel', '6', '2013-07-06 01:46:11', '2', '80');
INSERT INTO `user` VALUES ('18', '汽车爱好者', '111', '1', '2013-07-06 02:03:00', '0', '0');

-- ----------------------------
-- Table structure for `video`
-- ----------------------------
DROP TABLE IF EXISTS `video`;
CREATE TABLE `video` (
  `id` int(11) NOT NULL AUTO_INCREMENT,
  `channel_id` int(11) NOT NULL,
  `user_id` int(11) NOT NULL,
  `client_file_name` varchar(255) NOT NULL,
  `server_file_name` varchar(40) NOT NULL,
  `pic_file_name` varchar(40) DEFAULT NULL,
  `title` varchar(50) NOT NULL,
  `tags` varchar(50) NOT NULL,
  `description` varchar(200) NOT NULL,
  `play_count` int(11) NOT NULL,
  `comment_count` int(11) NOT NULL,
  `good_comment_count` int(11) NOT NULL,
  `bad_comment_count` int(11) NOT NULL,
  `duration` int(11) NOT NULL,
  `upload_time` timestamp NOT NULL DEFAULT '0000-00-00 00:00:00',
  `status` char(1) NOT NULL,
  PRIMARY KEY (`id`),
  KEY `channel_id` (`channel_id`),
  KEY `user_id` (`user_id`),
  CONSTRAINT `video_ibfk_1` FOREIGN KEY (`channel_id`) REFERENCES `channel` (`id`) ON DELETE CASCADE ON UPDATE NO ACTION,
  CONSTRAINT `video_ibfk_2` FOREIGN KEY (`user_id`) REFERENCES `user` (`id`) ON DELETE CASCADE ON UPDATE NO ACTION
) ENGINE=InnoDB AUTO_INCREMENT=30795 DEFAULT CHARSET=utf8;

-- ----------------------------
-- Records of video
-- ----------------------------
INSERT INTO `video` VALUES ('30280', '1', '1', '1.mkv', '2762d3ce-a0e3-40d1-9096-b3d93380c75f', '2762d3ce-a0e3-40d1-9096-b3d93380c75f', '视频标题1', '标签1 标签2 标签3', '视频描述1', '5217', '835', '500', '370', '1573', '2013-06-28 08:22:12', 'C');
INSERT INTO `video` VALUES ('30281', '1', '1', '1.mkv', '2762d3ce-a0e3-40d1-9096-b3d93380c75f', '2762d3ce-a0e3-40d1-9096-b3d93380c75f', '视频标题2', '标签1 标签2 标签3', '视频描述2', '418', '482', '448', '537', '466', '2013-06-16 14:56:39', 'C');
INSERT INTO `video` VALUES ('30282', '1', '1', '1.mkv', '2762d3ce-a0e3-40d1-9096-b3d93380c75f', '2762d3ce-a0e3-40d1-9096-b3d93380c75f', '视频标题3', '标签1 标签2 标签3', '视频描述3', '7959', '497', '315', '682', '2646', '2013-07-10 13:41:31', 'C');
INSERT INTO `video` VALUES ('30283', '1', '1', '1.mkv', '2762d3ce-a0e3-40d1-9096-b3d93380c75f', '2762d3ce-a0e3-40d1-9096-b3d93380c75f', '视频标题4', '标签1 标签2 标签3', '视频描述4', '1823', '284', '457', '456', '1858', '2013-06-26 10:24:47', 'C');
INSERT INTO `video` VALUES ('30284', '1', '1', '1.mkv', '2762d3ce-a0e3-40d1-9096-b3d93380c75f', '2762d3ce-a0e3-40d1-9096-b3d93380c75f', '视频标题5', '标签1 标签2 标签3', '视频描述5', '3445', '488', '371', '446', '1320', '2013-06-28 14:06:36', 'C');
INSERT INTO `video` VALUES ('30285', '1', '1', '1.mkv', '2762d3ce-a0e3-40d1-9096-b3d93380c75f', '2762d3ce-a0e3-40d1-9096-b3d93380c75f', '视频标题6', '标签1 标签2 标签3', '视频描述6', '5219', '560', '787', '431', '1801', '2013-07-19 22:19:44', 'C');
INSERT INTO `video` VALUES ('30286', '1', '1', '1.mkv', '2762d3ce-a0e3-40d1-9096-b3d93380c75f', '2762d3ce-a0e3-40d1-9096-b3d93380c75f', '视频标题7', '标签1 标签2 标签3', '视频描述7', '564', '865', '736', '392', '2885', '2013-06-17 22:57:13', 'C');
INSERT INTO `video` VALUES ('30287', '1', '1', '1.mkv', '2762d3ce-a0e3-40d1-9096-b3d93380c75f', '2762d3ce-a0e3-40d1-9096-b3d93380c75f', '视频标题8', '标签1 标签2 标签3', '视频描述8', '8761', '37', '459', '718', '1281', '2013-07-25 11:52:40', 'C');
INSERT INTO `video` VALUES ('30288', '1', '1', '1.mkv', '2762d3ce-a0e3-40d1-9096-b3d93380c75f', '2762d3ce-a0e3-40d1-9096-b3d93380c75f', '视频标题9', '标签1 标签2 标签3', '视频描述9', '7982', '931', '120', '842', '679', '2013-06-30 07:23:48', 'C');
INSERT INTO `video` VALUES ('30289', '1', '1', '1.mkv', '2762d3ce-a0e3-40d1-9096-b3d93380c75f', '2762d3ce-a0e3-40d1-9096-b3d93380c75f', '视频标题10', '标签1 标签2 标签3', '视频描述10', '6424', '794', '857', '450', '1040', '2013-07-22 05:00:09', 'C');
INSERT INTO `video` VALUES ('30290', '1', '1', '1.mkv', '2762d3ce-a0e3-40d1-9096-b3d93380c75f', '2762d3ce-a0e3-40d1-9096-b3d93380c75f', '视频标题11', '标签1 标签2 标签3', '视频描述11', '6551', '400', '541', '152', '2969', '2013-06-28 19:22:41', 'C');
INSERT INTO `video` VALUES ('30291', '1', '1', '1.mkv', '2762d3ce-a0e3-40d1-9096-b3d93380c75f', '2762d3ce-a0e3-40d1-9096-b3d93380c75f', '视频标题12', '标签1 标签2 标签3', '视频描述12', '7926', '99', '541', '236', '1741', '2013-07-15 02:51:52', 'C');
INSERT INTO `video` VALUES ('30292', '1', '1', '1.mkv', '2762d3ce-a0e3-40d1-9096-b3d93380c75f', '2762d3ce-a0e3-40d1-9096-b3d93380c75f', '视频标题13', '标签1 标签2 标签3', '视频描述13', '1920', '563', '230', '976', '547', '2013-07-10 11:41:46', 'C');
INSERT INTO `video` VALUES ('30293', '1', '1', '1.mkv', '2762d3ce-a0e3-40d1-9096-b3d93380c75f', '2762d3ce-a0e3-40d1-9096-b3d93380c75f', '视频标题14', '标签1 标签2 标签3', '视频描述14', '2000', '271', '590', '809', '560', '2013-07-02 22:56:51', 'C');
INSERT INTO `video` VALUES ('30294', '1', '1', '1.mkv', '2762d3ce-a0e3-40d1-9096-b3d93380c75f', '2762d3ce-a0e3-40d1-9096-b3d93380c75f', '视频标题15', '标签1 标签2 标签3', '视频描述15', '9860', '499', '54', '744', '1316', '2013-07-18 20:59:06', 'C');
INSERT INTO `video` VALUES ('30295', '1', '1', '1.mkv', '2762d3ce-a0e3-40d1-9096-b3d93380c75f', '2762d3ce-a0e3-40d1-9096-b3d93380c75f', '视频标题16', '标签1 标签2 标签3', '视频描述16', '5183', '961', '105', '874', '2624', '2013-07-27 18:56:21', 'C');
INSERT INTO `video` VALUES ('30296', '1', '1', '1.mkv', '2762d3ce-a0e3-40d1-9096-b3d93380c75f', '2762d3ce-a0e3-40d1-9096-b3d93380c75f', '视频标题17', '标签1 标签2 标签3', '视频描述17', '3661', '322', '789', '354', '1243', '2013-07-30 00:16:29', 'C');
INSERT INTO `video` VALUES ('30297', '1', '1', '1.mkv', '2762d3ce-a0e3-40d1-9096-b3d93380c75f', '2762d3ce-a0e3-40d1-9096-b3d93380c75f', '视频标题18', '标签1 标签2 标签3', '视频描述18', '3390', '145', '134', '698', '527', '2013-06-13 09:37:15', 'C');
INSERT INTO `video` VALUES ('30298', '1', '1', '1.mkv', '2762d3ce-a0e3-40d1-9096-b3d93380c75f', '2762d3ce-a0e3-40d1-9096-b3d93380c75f', '视频标题19', '标签1 标签2 标签3', '视频描述19', '9410', '744', '483', '806', '1680', '2013-07-25 04:37:10', 'C');
INSERT INTO `video` VALUES ('30299', '1', '1', '1.mkv', '2762d3ce-a0e3-40d1-9096-b3d93380c75f', '2762d3ce-a0e3-40d1-9096-b3d93380c75f', '视频标题20', '标签1 标签2 标签3', '视频描述20', '6639', '663', '278', '950', '2865', '2013-07-17 00:49:08', 'C');
INSERT INTO `video` VALUES ('30300', '1', '1', '1.mkv', '2762d3ce-a0e3-40d1-9096-b3d93380c75f', '2762d3ce-a0e3-40d1-9096-b3d93380c75f', '视频标题21', '标签1 标签2 标签3', '视频描述21', '477', '725', '804', '668', '869', '2013-07-25 05:19:26', 'C');
INSERT INTO `video` VALUES ('30301', '1', '1', '1.mkv', '2762d3ce-a0e3-40d1-9096-b3d93380c75f', '2762d3ce-a0e3-40d1-9096-b3d93380c75f', '视频标题22', '标签1 标签2 标签3', '视频描述22', '1411', '708', '849', '141', '642', '2013-07-30 08:44:48', 'C');
INSERT INTO `video` VALUES ('30302', '1', '1', '1.mkv', '2762d3ce-a0e3-40d1-9096-b3d93380c75f', '2762d3ce-a0e3-40d1-9096-b3d93380c75f', '视频标题23', '标签1 标签2 标签3', '视频描述23', '8316', '215', '405', '213', '2810', '2013-07-27 13:59:52', 'C');
INSERT INTO `video` VALUES ('30303', '1', '1', '1.mkv', '2762d3ce-a0e3-40d1-9096-b3d93380c75f', '2762d3ce-a0e3-40d1-9096-b3d93380c75f', '视频标题24', '标签1 标签2 标签3', '视频描述24', '1713', '380', '444', '245', '2797', '2013-07-19 20:02:02', 'C');
INSERT INTO `video` VALUES ('30304', '1', '1', '1.mkv', '2762d3ce-a0e3-40d1-9096-b3d93380c75f', '2762d3ce-a0e3-40d1-9096-b3d93380c75f', '视频标题25', '标签1 标签2 标签3', '视频描述25', '3531', '497', '325', '445', '309', '2013-07-21 16:34:19', 'C');
INSERT INTO `video` VALUES ('30305', '1', '1', '1.mkv', '2762d3ce-a0e3-40d1-9096-b3d93380c75f', '2762d3ce-a0e3-40d1-9096-b3d93380c75f', '视频标题26', '标签1 标签2 标签3', '视频描述26', '2518', '524', '942', '142', '2762', '2013-07-10 18:15:54', 'C');
INSERT INTO `video` VALUES ('30306', '1', '1', '1.mkv', '2762d3ce-a0e3-40d1-9096-b3d93380c75f', '2762d3ce-a0e3-40d1-9096-b3d93380c75f', '视频标题27', '标签1 标签2 标签3', '视频描述27', '2382', '65', '952', '614', '1128', '2013-07-10 12:41:05', 'C');
INSERT INTO `video` VALUES ('30307', '1', '1', '1.mkv', '2762d3ce-a0e3-40d1-9096-b3d93380c75f', '2762d3ce-a0e3-40d1-9096-b3d93380c75f', '视频标题28', '标签1 标签2 标签3', '视频描述28', '4915', '556', '235', '239', '1423', '2013-06-12 02:49:12', 'C');
INSERT INTO `video` VALUES ('30308', '1', '1', '1.mkv', '2762d3ce-a0e3-40d1-9096-b3d93380c75f', '2762d3ce-a0e3-40d1-9096-b3d93380c75f', '视频标题29', '标签1 标签2 标签3', '视频描述29', '3033', '704', '589', '156', '1332', '2013-06-13 05:58:50', 'C');
INSERT INTO `video` VALUES ('30309', '1', '1', '1.mkv', '2762d3ce-a0e3-40d1-9096-b3d93380c75f', '2762d3ce-a0e3-40d1-9096-b3d93380c75f', '视频标题30', '标签1 标签2 标签3', '视频描述30', '909', '449', '73', '706', '1376', '2013-06-29 11:41:23', 'C');
INSERT INTO `video` VALUES ('30310', '1', '1', '1.mkv', '2762d3ce-a0e3-40d1-9096-b3d93380c75f', '2762d3ce-a0e3-40d1-9096-b3d93380c75f', '视频标题31', '标签1 标签2 标签3', '视频描述31', '3253', '283', '576', '417', '171', '2013-07-07 08:48:09', 'C');
INSERT INTO `video` VALUES ('30311', '1', '1', '1.mkv', '2762d3ce-a0e3-40d1-9096-b3d93380c75f', '2762d3ce-a0e3-40d1-9096-b3d93380c75f', '视频标题32', '标签1 标签2 标签3', '视频描述32', '3830', '82', '424', '198', '1250', '2013-07-15 14:38:20', 'C');
INSERT INTO `video` VALUES ('30312', '1', '1', '1.mkv', '2762d3ce-a0e3-40d1-9096-b3d93380c75f', '2762d3ce-a0e3-40d1-9096-b3d93380c75f', '视频标题33', '标签1 标签2 标签3', '视频描述33', '8725', '821', '962', '294', '2867', '2013-06-23 10:47:57', 'C');
INSERT INTO `video` VALUES ('30313', '1', '1', '1.mkv', '2762d3ce-a0e3-40d1-9096-b3d93380c75f', '2762d3ce-a0e3-40d1-9096-b3d93380c75f', '视频标题34', '标签1 标签2 标签3', '视频描述34', '6626', '85', '550', '88', '2937', '2013-07-22 15:59:57', 'C');
INSERT INTO `video` VALUES ('30314', '1', '1', '1.mkv', '2762d3ce-a0e3-40d1-9096-b3d93380c75f', '2762d3ce-a0e3-40d1-9096-b3d93380c75f', '视频标题35', '标签1 标签2 标签3', '视频描述35', '432', '91', '501', '325', '1309', '2013-07-29 02:03:38', 'C');
INSERT INTO `video` VALUES ('30315', '1', '1', '1.mkv', '2762d3ce-a0e3-40d1-9096-b3d93380c75f', '2762d3ce-a0e3-40d1-9096-b3d93380c75f', '视频标题36', '标签1 标签2 标签3', '视频描述36', '4716', '430', '64', '173', '1554', '2013-07-13 08:11:41', 'C');
INSERT INTO `video` VALUES ('30316', '1', '1', '1.mkv', '2762d3ce-a0e3-40d1-9096-b3d93380c75f', '2762d3ce-a0e3-40d1-9096-b3d93380c75f', '视频标题37', '标签1 标签2 标签3', '视频描述37', '8177', '514', '396', '149', '429', '2013-06-17 05:26:12', 'C');
INSERT INTO `video` VALUES ('30317', '1', '1', '1.mkv', '2762d3ce-a0e3-40d1-9096-b3d93380c75f', '2762d3ce-a0e3-40d1-9096-b3d93380c75f', '视频标题38', '标签1 标签2 标签3', '视频描述38', '128', '555', '868', '424', '1171', '2013-06-23 04:27:23', 'C');
INSERT INTO `video` VALUES ('30318', '1', '1', '1.mkv', '2762d3ce-a0e3-40d1-9096-b3d93380c75f', '2762d3ce-a0e3-40d1-9096-b3d93380c75f', '视频标题39', '标签1 标签2 标签3', '视频描述39', '8130', '840', '295', '138', '2293', '2013-07-03 22:23:01', 'C');
INSERT INTO `video` VALUES ('30319', '1', '1', '1.mkv', '2762d3ce-a0e3-40d1-9096-b3d93380c75f', '2762d3ce-a0e3-40d1-9096-b3d93380c75f', '视频标题40', '标签1 标签2 标签3', '视频描述40', '4618', '119', '482', '692', '2391', '2013-06-11 14:06:36', 'C');
INSERT INTO `video` VALUES ('30320', '1', '1', '1.mkv', '2762d3ce-a0e3-40d1-9096-b3d93380c75f', '2762d3ce-a0e3-40d1-9096-b3d93380c75f', '视频标题41', '标签1 标签2 标签3', '视频描述41', '7951', '861', '525', '864', '1930', '2013-07-07 17:10:04', 'C');
INSERT INTO `video` VALUES ('30321', '1', '1', '1.mkv', '2762d3ce-a0e3-40d1-9096-b3d93380c75f', '2762d3ce-a0e3-40d1-9096-b3d93380c75f', '视频标题42', '标签1 标签2 标签3', '视频描述42', '5363', '681', '371', '534', '2871', '2013-06-18 18:37:31', 'C');
INSERT INTO `video` VALUES ('30322', '1', '1', '1.mkv', '2762d3ce-a0e3-40d1-9096-b3d93380c75f', '2762d3ce-a0e3-40d1-9096-b3d93380c75f', '视频标题43', '标签1 标签2 标签3', '视频描述43', '78', '868', '987', '149', '2415', '2013-07-08 20:50:58', 'C');
INSERT INTO `video` VALUES ('30323', '1', '1', '1.mkv', '2762d3ce-a0e3-40d1-9096-b3d93380c75f', '2762d3ce-a0e3-40d1-9096-b3d93380c75f', '视频标题44', '标签1 标签2 标签3', '视频描述44', '7108', '816', '746', '825', '1763', '2013-06-11 15:54:04', 'C');
INSERT INTO `video` VALUES ('30324', '1', '1', '1.mkv', '2762d3ce-a0e3-40d1-9096-b3d93380c75f', '2762d3ce-a0e3-40d1-9096-b3d93380c75f', '视频标题45', '标签1 标签2 标签3', '视频描述45', '2371', '363', '857', '416', '167', '2013-07-25 19:19:37', 'C');
INSERT INTO `video` VALUES ('30325', '1', '1', '1.mkv', '2762d3ce-a0e3-40d1-9096-b3d93380c75f', '2762d3ce-a0e3-40d1-9096-b3d93380c75f', '视频标题46', '标签1 标签2 标签3', '视频描述46', '7532', '949', '615', '174', '2302', '2013-07-19 12:42:44', 'C');
INSERT INTO `video` VALUES ('30326', '1', '1', '1.mkv', '2762d3ce-a0e3-40d1-9096-b3d93380c75f', '2762d3ce-a0e3-40d1-9096-b3d93380c75f', '视频标题47', '标签1 标签2 标签3', '视频描述47', '905', '92', '237', '202', '749', '2013-06-24 18:59:02', 'C');
INSERT INTO `video` VALUES ('30327', '1', '1', '1.mkv', '2762d3ce-a0e3-40d1-9096-b3d93380c75f', '2762d3ce-a0e3-40d1-9096-b3d93380c75f', '视频标题48', '标签1 标签2 标签3', '视频描述48', '6692', '413', '562', '439', '543', '2013-07-14 08:49:12', 'C');
INSERT INTO `video` VALUES ('30328', '1', '1', '1.mkv', '2762d3ce-a0e3-40d1-9096-b3d93380c75f', '2762d3ce-a0e3-40d1-9096-b3d93380c75f', '视频标题49', '标签1 标签2 标签3', '视频描述49', '3749', '703', '279', '616', '336', '2013-07-15 17:10:40', 'C');
INSERT INTO `video` VALUES ('30329', '1', '1', '1.mkv', '2762d3ce-a0e3-40d1-9096-b3d93380c75f', '2762d3ce-a0e3-40d1-9096-b3d93380c75f', '视频标题50', '标签1 标签2 标签3', '视频描述50', '523', '530', '708', '279', '292', '2013-07-14 19:56:26', 'C');
INSERT INTO `video` VALUES ('30330', '1', '1', '1.mkv', '2762d3ce-a0e3-40d1-9096-b3d93380c75f', '2762d3ce-a0e3-40d1-9096-b3d93380c75f', '视频标题51', '标签1 标签2 标签3', '视频描述51', '1820', '597', '740', '770', '746', '2013-06-30 15:30:50', 'C');
INSERT INTO `video` VALUES ('30331', '1', '1', '1.mkv', '2762d3ce-a0e3-40d1-9096-b3d93380c75f', '2762d3ce-a0e3-40d1-9096-b3d93380c75f', '视频标题52', '标签1 标签2 标签3', '视频描述52', '9172', '309', '320', '257', '1610', '2013-07-05 07:19:02', 'C');
INSERT INTO `video` VALUES ('30332', '1', '1', '1.mkv', '2762d3ce-a0e3-40d1-9096-b3d93380c75f', '2762d3ce-a0e3-40d1-9096-b3d93380c75f', '视频标题53', '标签1 标签2 标签3', '视频描述53', '157', '667', '607', '203', '887', '2013-07-14 23:16:00', 'C');
INSERT INTO `video` VALUES ('30333', '1', '1', '1.mkv', '2762d3ce-a0e3-40d1-9096-b3d93380c75f', '2762d3ce-a0e3-40d1-9096-b3d93380c75f', '视频标题54', '标签1 标签2 标签3', '视频描述54', '2292', '11', '616', '147', '1673', '2013-07-07 23:19:26', 'C');
INSERT INTO `video` VALUES ('30334', '1', '1', '1.mkv', '2762d3ce-a0e3-40d1-9096-b3d93380c75f', '2762d3ce-a0e3-40d1-9096-b3d93380c75f', '视频标题55', '标签1 标签2 标签3', '视频描述55', '4145', '392', '938', '253', '866', '2013-07-05 01:22:06', 'C');
INSERT INTO `video` VALUES ('30335', '1', '1', '1.mkv', '2762d3ce-a0e3-40d1-9096-b3d93380c75f', '2762d3ce-a0e3-40d1-9096-b3d93380c75f', '视频标题56', '标签1 标签2 标签3', '视频描述56', '2800', '937', '204', '630', '2571', '2013-06-30 10:58:21', 'C');
INSERT INTO `video` VALUES ('30336', '1', '1', '1.mkv', '2762d3ce-a0e3-40d1-9096-b3d93380c75f', '2762d3ce-a0e3-40d1-9096-b3d93380c75f', '视频标题57', '标签1 标签2 标签3', '视频描述57', '3622', '603', '195', '96', '2562', '2013-06-20 02:12:11', 'C');
INSERT INTO `video` VALUES ('30337', '1', '1', '1.mkv', '2762d3ce-a0e3-40d1-9096-b3d93380c75f', '2762d3ce-a0e3-40d1-9096-b3d93380c75f', '视频标题58', '标签1 标签2 标签3', '视频描述58', '6843', '125', '60', '732', '2915', '2013-06-25 02:23:29', 'C');
INSERT INTO `video` VALUES ('30338', '1', '1', '1.mkv', '2762d3ce-a0e3-40d1-9096-b3d93380c75f', '2762d3ce-a0e3-40d1-9096-b3d93380c75f', '视频标题59', '标签1 标签2 标签3', '视频描述59', '498', '517', '209', '695', '2531', '2013-06-17 13:28:43', 'C');
INSERT INTO `video` VALUES ('30339', '1', '1', '1.mkv', '2762d3ce-a0e3-40d1-9096-b3d93380c75f', '2762d3ce-a0e3-40d1-9096-b3d93380c75f', '视频标题60', '标签1 标签2 标签3', '视频描述60', '438', '810', '143', '910', '555', '2013-07-12 20:01:35', 'C');
INSERT INTO `video` VALUES ('30340', '1', '1', '1.mkv', '2762d3ce-a0e3-40d1-9096-b3d93380c75f', '2762d3ce-a0e3-40d1-9096-b3d93380c75f', '视频标题61', '标签1 标签2 标签3', '视频描述61', '412', '616', '407', '736', '2746', '2013-06-13 03:00:04', 'C');
INSERT INTO `video` VALUES ('30341', '1', '1', '1.mkv', '2762d3ce-a0e3-40d1-9096-b3d93380c75f', '2762d3ce-a0e3-40d1-9096-b3d93380c75f', '视频标题62', '标签1 标签2 标签3', '视频描述62', '7880', '151', '884', '104', '182', '2013-06-16 02:19:29', 'C');
INSERT INTO `video` VALUES ('30342', '1', '1', '1.mkv', '2762d3ce-a0e3-40d1-9096-b3d93380c75f', '2762d3ce-a0e3-40d1-9096-b3d93380c75f', '视频标题63', '标签1 标签2 标签3', '视频描述63', '1342', '506', '672', '422', '2416', '2013-06-26 22:41:06', 'C');
INSERT INTO `video` VALUES ('30343', '1', '1', '1.mkv', '2762d3ce-a0e3-40d1-9096-b3d93380c75f', '2762d3ce-a0e3-40d1-9096-b3d93380c75f', '视频标题64', '标签1 标签2 标签3', '视频描述64', '2758', '965', '781', '114', '2093', '2013-07-08 22:20:08', 'C');
INSERT INTO `video` VALUES ('30344', '1', '1', '1.mkv', '2762d3ce-a0e3-40d1-9096-b3d93380c75f', '2762d3ce-a0e3-40d1-9096-b3d93380c75f', '视频标题65', '标签1 标签2 标签3', '视频描述65', '846', '897', '321', '228', '782', '2013-06-21 15:16:28', 'C');
INSERT INTO `video` VALUES ('30345', '1', '1', '1.mkv', '2762d3ce-a0e3-40d1-9096-b3d93380c75f', '2762d3ce-a0e3-40d1-9096-b3d93380c75f', '视频标题66', '标签1 标签2 标签3', '视频描述66', '1893', '596', '259', '316', '1301', '2013-07-17 22:28:44', 'C');
INSERT INTO `video` VALUES ('30346', '1', '1', '1.mkv', '2762d3ce-a0e3-40d1-9096-b3d93380c75f', '2762d3ce-a0e3-40d1-9096-b3d93380c75f', '视频标题67', '标签1 标签2 标签3', '视频描述67', '1315', '852', '301', '393', '297', '2013-06-14 06:31:07', 'C');
INSERT INTO `video` VALUES ('30347', '1', '1', '1.mkv', '2762d3ce-a0e3-40d1-9096-b3d93380c75f', '2762d3ce-a0e3-40d1-9096-b3d93380c75f', '视频标题68', '标签1 标签2 标签3', '视频描述68', '1043', '497', '244', '902', '1318', '2013-07-07 08:33:17', 'C');
INSERT INTO `video` VALUES ('30348', '1', '1', '1.mkv', '2762d3ce-a0e3-40d1-9096-b3d93380c75f', '2762d3ce-a0e3-40d1-9096-b3d93380c75f', '视频标题69', '标签1 标签2 标签3', '视频描述69', '6157', '194', '346', '362', '349', '2013-07-14 21:08:17', 'C');
INSERT INTO `video` VALUES ('30349', '1', '1', '1.mkv', '2762d3ce-a0e3-40d1-9096-b3d93380c75f', '2762d3ce-a0e3-40d1-9096-b3d93380c75f', '视频标题70', '标签1 标签2 标签3', '视频描述70', '5259', '239', '401', '195', '1094', '2013-06-30 14:50:53', 'C');
INSERT INTO `video` VALUES ('30350', '1', '1', '1.mkv', '2762d3ce-a0e3-40d1-9096-b3d93380c75f', '2762d3ce-a0e3-40d1-9096-b3d93380c75f', '视频标题71', '标签1 标签2 标签3', '视频描述71', '2661', '651', '49', '793', '813', '2013-07-02 06:57:12', 'C');
INSERT INTO `video` VALUES ('30351', '1', '1', '1.mkv', '2762d3ce-a0e3-40d1-9096-b3d93380c75f', '2762d3ce-a0e3-40d1-9096-b3d93380c75f', '视频标题72', '标签1 标签2 标签3', '视频描述72', '1456', '358', '28', '121', '93', '2013-07-20 14:24:02', 'C');
INSERT INTO `video` VALUES ('30352', '1', '1', '1.mkv', '2762d3ce-a0e3-40d1-9096-b3d93380c75f', '2762d3ce-a0e3-40d1-9096-b3d93380c75f', '视频标题73', '标签1 标签2 标签3', '视频描述73', '379', '608', '83', '784', '2258', '2013-07-02 14:11:19', 'C');
INSERT INTO `video` VALUES ('30353', '1', '1', '1.mkv', '2762d3ce-a0e3-40d1-9096-b3d93380c75f', '2762d3ce-a0e3-40d1-9096-b3d93380c75f', '视频标题74', '标签1 标签2 标签3', '视频描述74', '9434', '220', '590', '550', '1731', '2013-07-13 03:30:54', 'C');
INSERT INTO `video` VALUES ('30354', '1', '1', '1.mkv', '2762d3ce-a0e3-40d1-9096-b3d93380c75f', '2762d3ce-a0e3-40d1-9096-b3d93380c75f', '视频标题75', '标签1 标签2 标签3', '视频描述75', '4951', '856', '208', '114', '1761', '2013-07-18 19:31:02', 'C');
INSERT INTO `video` VALUES ('30355', '1', '1', '1.mkv', '2762d3ce-a0e3-40d1-9096-b3d93380c75f', '2762d3ce-a0e3-40d1-9096-b3d93380c75f', '视频标题76', '标签1 标签2 标签3', '视频描述76', '7316', '527', '45', '162', '2748', '2013-07-02 02:17:09', 'C');
INSERT INTO `video` VALUES ('30356', '1', '1', '1.mkv', '2762d3ce-a0e3-40d1-9096-b3d93380c75f', '2762d3ce-a0e3-40d1-9096-b3d93380c75f', '视频标题77', '标签1 标签2 标签3', '视频描述77', '5390', '242', '42', '671', '2846', '2013-07-03 10:10:21', 'C');
INSERT INTO `video` VALUES ('30357', '1', '1', '1.mkv', '2762d3ce-a0e3-40d1-9096-b3d93380c75f', '2762d3ce-a0e3-40d1-9096-b3d93380c75f', '视频标题78', '标签1 标签2 标签3', '视频描述78', '2095', '820', '716', '980', '924', '2013-07-29 19:38:44', 'C');
INSERT INTO `video` VALUES ('30358', '1', '1', '1.mkv', '2762d3ce-a0e3-40d1-9096-b3d93380c75f', '2762d3ce-a0e3-40d1-9096-b3d93380c75f', '视频标题79', '标签1 标签2 标签3', '视频描述79', '6125', '921', '30', '729', '2486', '2013-07-10 12:04:50', 'C');
INSERT INTO `video` VALUES ('30359', '1', '1', '1.mkv', '2762d3ce-a0e3-40d1-9096-b3d93380c75f', '2762d3ce-a0e3-40d1-9096-b3d93380c75f', '视频标题80', '标签1 标签2 标签3', '视频描述80', '7687', '368', '261', '379', '838', '2013-07-20 17:29:38', 'C');
INSERT INTO `video` VALUES ('30360', '1', '1', '1.mkv', '2762d3ce-a0e3-40d1-9096-b3d93380c75f', '2762d3ce-a0e3-40d1-9096-b3d93380c75f', '视频标题81', '标签1 标签2 标签3', '视频描述81', '9388', '856', '483', '328', '1211', '2013-06-22 17:25:05', 'C');
INSERT INTO `video` VALUES ('30361', '1', '1', '1.mkv', '2762d3ce-a0e3-40d1-9096-b3d93380c75f', '2762d3ce-a0e3-40d1-9096-b3d93380c75f', '视频标题82', '标签1 标签2 标签3', '视频描述82', '2619', '887', '585', '875', '2823', '2013-06-30 14:44:59', 'C');
INSERT INTO `video` VALUES ('30362', '1', '1', '1.mkv', '2762d3ce-a0e3-40d1-9096-b3d93380c75f', '2762d3ce-a0e3-40d1-9096-b3d93380c75f', '视频标题83', '标签1 标签2 标签3', '视频描述83', '4145', '850', '180', '278', '2456', '2013-07-25 08:21:04', 'C');
INSERT INTO `video` VALUES ('30363', '1', '1', '1.mkv', '2762d3ce-a0e3-40d1-9096-b3d93380c75f', '2762d3ce-a0e3-40d1-9096-b3d93380c75f', '视频标题84', '标签1 标签2 标签3', '视频描述84', '3539', '526', '640', '840', '1975', '2013-07-26 18:52:19', 'C');
INSERT INTO `video` VALUES ('30364', '1', '1', '1.mkv', '2762d3ce-a0e3-40d1-9096-b3d93380c75f', '2762d3ce-a0e3-40d1-9096-b3d93380c75f', '视频标题85', '标签1 标签2 标签3', '视频描述85', '3901', '765', '760', '792', '147', '2013-06-24 14:56:33', 'C');
INSERT INTO `video` VALUES ('30365', '1', '1', '1.mkv', '2762d3ce-a0e3-40d1-9096-b3d93380c75f', '2762d3ce-a0e3-40d1-9096-b3d93380c75f', '视频标题86', '标签1 标签2 标签3', '视频描述86', '7811', '794', '475', '675', '2360', '2013-07-22 18:26:20', 'C');
INSERT INTO `video` VALUES ('30366', '1', '1', '1.mkv', '2762d3ce-a0e3-40d1-9096-b3d93380c75f', '2762d3ce-a0e3-40d1-9096-b3d93380c75f', '视频标题87', '标签1 标签2 标签3', '视频描述87', '8587', '156', '241', '498', '1418', '2013-07-06 17:51:42', 'C');
INSERT INTO `video` VALUES ('30367', '1', '1', '1.mkv', '2762d3ce-a0e3-40d1-9096-b3d93380c75f', '2762d3ce-a0e3-40d1-9096-b3d93380c75f', '视频标题88', '标签1 标签2 标签3', '视频描述88', '2101', '572', '414', '887', '792', '2013-07-28 06:45:32', 'C');
INSERT INTO `video` VALUES ('30368', '1', '1', '1.mkv', '2762d3ce-a0e3-40d1-9096-b3d93380c75f', '2762d3ce-a0e3-40d1-9096-b3d93380c75f', '视频标题89', '标签1 标签2 标签3', '视频描述89', '316', '727', '778', '477', '1910', '2013-07-25 18:25:23', 'C');
INSERT INTO `video` VALUES ('30369', '1', '1', '1.mkv', '2762d3ce-a0e3-40d1-9096-b3d93380c75f', '2762d3ce-a0e3-40d1-9096-b3d93380c75f', '视频标题90', '标签1 标签2 标签3', '视频描述90', '5003', '322', '787', '368', '2802', '2013-06-30 13:29:36', 'C');
INSERT INTO `video` VALUES ('30370', '1', '1', '1.mkv', '2762d3ce-a0e3-40d1-9096-b3d93380c75f', '2762d3ce-a0e3-40d1-9096-b3d93380c75f', '视频标题91', '标签1 标签2 标签3', '视频描述91', '6872', '401', '746', '704', '2291', '2013-07-11 11:42:34', 'C');
INSERT INTO `video` VALUES ('30371', '1', '1', '1.mkv', '2762d3ce-a0e3-40d1-9096-b3d93380c75f', '2762d3ce-a0e3-40d1-9096-b3d93380c75f', '视频标题92', '标签1 标签2 标签3', '视频描述92', '4698', '659', '49', '984', '1386', '2013-06-25 08:37:58', 'C');
INSERT INTO `video` VALUES ('30372', '1', '1', '1.mkv', '2762d3ce-a0e3-40d1-9096-b3d93380c75f', '2762d3ce-a0e3-40d1-9096-b3d93380c75f', '视频标题93', '标签1 标签2 标签3', '视频描述93', '4775', '869', '454', '497', '762', '2013-07-04 13:38:01', 'C');
INSERT INTO `video` VALUES ('30373', '1', '1', '1.mkv', '2762d3ce-a0e3-40d1-9096-b3d93380c75f', '2762d3ce-a0e3-40d1-9096-b3d93380c75f', '视频标题94', '标签1 标签2 标签3', '视频描述94', '875', '926', '339', '527', '1205', '2013-06-19 09:55:03', 'C');
INSERT INTO `video` VALUES ('30374', '1', '1', '1.mkv', '2762d3ce-a0e3-40d1-9096-b3d93380c75f', '2762d3ce-a0e3-40d1-9096-b3d93380c75f', '视频标题95', '标签1 标签2 标签3', '视频描述95', '7861', '333', '275', '255', '1773', '2013-06-25 19:40:10', 'C');
INSERT INTO `video` VALUES ('30375', '1', '1', '1.mkv', '2762d3ce-a0e3-40d1-9096-b3d93380c75f', '2762d3ce-a0e3-40d1-9096-b3d93380c75f', '视频标题96', '标签1 标签2 标签3', '视频描述96', '6563', '975', '157', '941', '1094', '2013-07-19 23:02:20', 'C');
INSERT INTO `video` VALUES ('30376', '1', '1', '1.mkv', '2762d3ce-a0e3-40d1-9096-b3d93380c75f', '2762d3ce-a0e3-40d1-9096-b3d93380c75f', '视频标题97', '标签1 标签2 标签3', '视频描述97', '8939', '247', '41', '534', '2144', '2013-07-02 11:31:28', 'C');
INSERT INTO `video` VALUES ('30377', '1', '1', '1.mkv', '2762d3ce-a0e3-40d1-9096-b3d93380c75f', '2762d3ce-a0e3-40d1-9096-b3d93380c75f', '视频标题98', '标签1 标签2 标签3', '视频描述98', '6731', '64', '777', '302', '1454', '2013-06-25 12:51:32', 'C');
INSERT INTO `video` VALUES ('30378', '1', '1', '1.mkv', '2762d3ce-a0e3-40d1-9096-b3d93380c75f', '2762d3ce-a0e3-40d1-9096-b3d93380c75f', '视频标题99', '标签1 标签2 标签3', '视频描述99', '3969', '364', '420', '645', '1705', '2013-07-06 09:36:36', 'C');
INSERT INTO `video` VALUES ('30379', '1', '1', '1.mkv', '2762d3ce-a0e3-40d1-9096-b3d93380c75f', '2762d3ce-a0e3-40d1-9096-b3d93380c75f', '视频标题100', '标签1 标签2 标签3', '视频描述100', '2306', '16', '159', '698', '348', '2013-07-08 07:55:23', 'C');
INSERT INTO `video` VALUES ('30380', '1', '1', '1.mkv', '2762d3ce-a0e3-40d1-9096-b3d93380c75f', '2762d3ce-a0e3-40d1-9096-b3d93380c75f', '视频标题101', '标签1 标签2 标签3', '视频描述101', '7497', '784', '149', '759', '1038', '2013-07-19 02:54:07', 'C');
INSERT INTO `video` VALUES ('30381', '1', '1', '1.mkv', '2762d3ce-a0e3-40d1-9096-b3d93380c75f', '2762d3ce-a0e3-40d1-9096-b3d93380c75f', '视频标题102', '标签1 标签2 标签3', '视频描述102', '5334', '459', '130', '791', '2963', '2013-07-03 10:52:52', 'C');
INSERT INTO `video` VALUES ('30382', '1', '1', '1.mkv', '2762d3ce-a0e3-40d1-9096-b3d93380c75f', '2762d3ce-a0e3-40d1-9096-b3d93380c75f', '视频标题103', '标签1 标签2 标签3', '视频描述103', '6767', '465', '750', '348', '2005', '2013-06-14 01:23:40', 'C');
INSERT INTO `video` VALUES ('30383', '1', '1', '1.mkv', '2762d3ce-a0e3-40d1-9096-b3d93380c75f', '2762d3ce-a0e3-40d1-9096-b3d93380c75f', '视频标题104', '标签1 标签2 标签3', '视频描述104', '5291', '445', '447', '693', '578', '2013-06-23 02:41:50', 'C');
INSERT INTO `video` VALUES ('30384', '1', '1', '1.mkv', '2762d3ce-a0e3-40d1-9096-b3d93380c75f', '2762d3ce-a0e3-40d1-9096-b3d93380c75f', '视频标题105', '标签1 标签2 标签3', '视频描述105', '8884', '869', '227', '75', '33', '2013-07-16 03:32:14', 'C');
INSERT INTO `video` VALUES ('30385', '1', '1', '1.mkv', '2762d3ce-a0e3-40d1-9096-b3d93380c75f', '2762d3ce-a0e3-40d1-9096-b3d93380c75f', '视频标题106', '标签1 标签2 标签3', '视频描述106', '9227', '508', '200', '797', '1268', '2013-07-23 13:11:39', 'C');
INSERT INTO `video` VALUES ('30386', '1', '1', '1.mkv', '2762d3ce-a0e3-40d1-9096-b3d93380c75f', '2762d3ce-a0e3-40d1-9096-b3d93380c75f', '视频标题107', '标签1 标签2 标签3', '视频描述107', '162', '900', '876', '839', '2287', '2013-07-29 02:48:41', 'C');
INSERT INTO `video` VALUES ('30387', '1', '1', '1.mkv', '2762d3ce-a0e3-40d1-9096-b3d93380c75f', '2762d3ce-a0e3-40d1-9096-b3d93380c75f', '视频标题108', '标签1 标签2 标签3', '视频描述108', '5732', '241', '575', '750', '2688', '2013-07-10 10:38:52', 'C');
INSERT INTO `video` VALUES ('30388', '1', '1', '1.mkv', '2762d3ce-a0e3-40d1-9096-b3d93380c75f', '2762d3ce-a0e3-40d1-9096-b3d93380c75f', '视频标题109', '标签1 标签2 标签3', '视频描述109', '1297', '958', '775', '964', '1935', '2013-07-26 12:38:24', 'C');
INSERT INTO `video` VALUES ('30389', '1', '1', '1.mkv', '2762d3ce-a0e3-40d1-9096-b3d93380c75f', '2762d3ce-a0e3-40d1-9096-b3d93380c75f', '视频标题110', '标签1 标签2 标签3', '视频描述110', '6728', '443', '710', '124', '780', '2013-07-17 05:48:31', 'C');
INSERT INTO `video` VALUES ('30390', '1', '1', '1.mkv', '2762d3ce-a0e3-40d1-9096-b3d93380c75f', '2762d3ce-a0e3-40d1-9096-b3d93380c75f', '视频标题111', '标签1 标签2 标签3', '视频描述111', '4048', '241', '635', '716', '840', '2013-07-28 02:05:36', 'C');
INSERT INTO `video` VALUES ('30391', '1', '1', '1.mkv', '2762d3ce-a0e3-40d1-9096-b3d93380c75f', '2762d3ce-a0e3-40d1-9096-b3d93380c75f', '视频标题112', '标签1 标签2 标签3', '视频描述112', '7286', '409', '618', '838', '1123', '2013-07-01 11:47:50', 'C');
INSERT INTO `video` VALUES ('30392', '1', '1', '1.mkv', '2762d3ce-a0e3-40d1-9096-b3d93380c75f', '2762d3ce-a0e3-40d1-9096-b3d93380c75f', '视频标题113', '标签1 标签2 标签3', '视频描述113', '9478', '850', '144', '770', '748', '2013-06-27 02:57:32', 'C');
INSERT INTO `video` VALUES ('30393', '1', '1', '1.mkv', '2762d3ce-a0e3-40d1-9096-b3d93380c75f', '2762d3ce-a0e3-40d1-9096-b3d93380c75f', '视频标题114', '标签1 标签2 标签3', '视频描述114', '3119', '626', '79', '339', '2494', '2013-07-21 23:36:34', 'C');
INSERT INTO `video` VALUES ('30394', '1', '1', '1.mkv', '2762d3ce-a0e3-40d1-9096-b3d93380c75f', '2762d3ce-a0e3-40d1-9096-b3d93380c75f', '视频标题115', '标签1 标签2 标签3', '视频描述115', '5104', '255', '203', '2', '1338', '2013-07-05 18:46:14', 'C');
INSERT INTO `video` VALUES ('30395', '1', '1', '1.mkv', '2762d3ce-a0e3-40d1-9096-b3d93380c75f', '2762d3ce-a0e3-40d1-9096-b3d93380c75f', '视频标题116', '标签1 标签2 标签3', '视频描述116', '8219', '26', '998', '274', '1671', '2013-06-28 08:59:12', 'C');
INSERT INTO `video` VALUES ('30396', '1', '1', '1.mkv', '2762d3ce-a0e3-40d1-9096-b3d93380c75f', '2762d3ce-a0e3-40d1-9096-b3d93380c75f', '视频标题117', '标签1 标签2 标签3', '视频描述117', '173', '638', '101', '987', '1594', '2013-07-21 03:44:06', 'C');
INSERT INTO `video` VALUES ('30397', '1', '1', '1.mkv', '2762d3ce-a0e3-40d1-9096-b3d93380c75f', '2762d3ce-a0e3-40d1-9096-b3d93380c75f', '视频标题118', '标签1 标签2 标签3', '视频描述118', '1618', '995', '659', '404', '1585', '2013-07-21 17:29:10', 'C');
INSERT INTO `video` VALUES ('30398', '1', '1', '1.mkv', '2762d3ce-a0e3-40d1-9096-b3d93380c75f', '2762d3ce-a0e3-40d1-9096-b3d93380c75f', '视频标题119', '标签1 标签2 标签3', '视频描述119', '4732', '4', '972', '339', '2650', '2013-06-29 15:06:34', 'C');
INSERT INTO `video` VALUES ('30399', '1', '1', '1.mkv', '2762d3ce-a0e3-40d1-9096-b3d93380c75f', '2762d3ce-a0e3-40d1-9096-b3d93380c75f', '视频标题120', '标签1 标签2 标签3', '视频描述120', '2942', '54', '707', '119', '1941', '2013-06-15 09:46:46', 'C');
INSERT INTO `video` VALUES ('30400', '1', '1', '1.mkv', '2762d3ce-a0e3-40d1-9096-b3d93380c75f', '2762d3ce-a0e3-40d1-9096-b3d93380c75f', '视频标题121', '标签1 标签2 标签3', '视频描述121', '8719', '77', '146', '630', '535', '2013-06-25 00:45:40', 'C');
INSERT INTO `video` VALUES ('30401', '1', '1', '1.mkv', '2762d3ce-a0e3-40d1-9096-b3d93380c75f', '2762d3ce-a0e3-40d1-9096-b3d93380c75f', '视频标题122', '标签1 标签2 标签3', '视频描述122', '2630', '773', '914', '393', '686', '2013-07-23 14:39:43', 'C');
INSERT INTO `video` VALUES ('30402', '1', '1', '1.mkv', '2762d3ce-a0e3-40d1-9096-b3d93380c75f', '2762d3ce-a0e3-40d1-9096-b3d93380c75f', '视频标题123', '标签1 标签2 标签3', '视频描述123', '848', '588', '890', '938', '2944', '2013-06-29 12:58:01', 'C');
INSERT INTO `video` VALUES ('30403', '1', '1', '1.mkv', '2762d3ce-a0e3-40d1-9096-b3d93380c75f', '2762d3ce-a0e3-40d1-9096-b3d93380c75f', '视频标题124', '标签1 标签2 标签3', '视频描述124', '6431', '262', '354', '62', '299', '2013-07-22 03:18:37', 'C');
INSERT INTO `video` VALUES ('30404', '1', '1', '1.mkv', '2762d3ce-a0e3-40d1-9096-b3d93380c75f', '2762d3ce-a0e3-40d1-9096-b3d93380c75f', '视频标题125', '标签1 标签2 标签3', '视频描述125', '4298', '376', '962', '138', '1828', '2013-07-03 10:00:09', 'C');
INSERT INTO `video` VALUES ('30405', '1', '1', '1.mkv', '2762d3ce-a0e3-40d1-9096-b3d93380c75f', '2762d3ce-a0e3-40d1-9096-b3d93380c75f', '视频标题126', '标签1 标签2 标签3', '视频描述126', '1732', '910', '167', '928', '381', '2013-07-28 03:04:44', 'C');
INSERT INTO `video` VALUES ('30406', '1', '1', '1.mkv', '2762d3ce-a0e3-40d1-9096-b3d93380c75f', '2762d3ce-a0e3-40d1-9096-b3d93380c75f', '视频标题127', '标签1 标签2 标签3', '视频描述127', '2266', '779', '314', '517', '1778', '2013-06-25 11:23:09', 'C');
INSERT INTO `video` VALUES ('30407', '1', '1', '1.mkv', '2762d3ce-a0e3-40d1-9096-b3d93380c75f', '2762d3ce-a0e3-40d1-9096-b3d93380c75f', '视频标题128', '标签1 标签2 标签3', '视频描述128', '7373', '952', '583', '713', '2711', '2013-06-30 18:16:45', 'C');
INSERT INTO `video` VALUES ('30408', '1', '1', '1.mkv', '2762d3ce-a0e3-40d1-9096-b3d93380c75f', '2762d3ce-a0e3-40d1-9096-b3d93380c75f', '视频标题129', '标签1 标签2 标签3', '视频描述129', '603', '958', '3', '897', '1185', '2013-06-28 23:17:31', 'C');
INSERT INTO `video` VALUES ('30409', '1', '1', '1.mkv', '2762d3ce-a0e3-40d1-9096-b3d93380c75f', '2762d3ce-a0e3-40d1-9096-b3d93380c75f', '视频标题130', '标签1 标签2 标签3', '视频描述130', '6676', '16', '39', '14', '164', '2013-07-01 05:47:44', 'C');
INSERT INTO `video` VALUES ('30410', '1', '1', '1.mkv', '2762d3ce-a0e3-40d1-9096-b3d93380c75f', '2762d3ce-a0e3-40d1-9096-b3d93380c75f', '视频标题131', '标签1 标签2 标签3', '视频描述131', '7033', '197', '379', '306', '2230', '2013-07-10 17:06:53', 'C');
INSERT INTO `video` VALUES ('30411', '1', '1', '1.mkv', '2762d3ce-a0e3-40d1-9096-b3d93380c75f', '2762d3ce-a0e3-40d1-9096-b3d93380c75f', '视频标题132', '标签1 标签2 标签3', '视频描述132', '2666', '481', '560', '498', '2046', '2013-07-06 19:45:13', 'C');
INSERT INTO `video` VALUES ('30412', '1', '1', '1.mkv', '2762d3ce-a0e3-40d1-9096-b3d93380c75f', '2762d3ce-a0e3-40d1-9096-b3d93380c75f', '视频标题133', '标签1 标签2 标签3', '视频描述133', '8837', '811', '621', '474', '34', '2013-06-18 11:13:19', 'C');
INSERT INTO `video` VALUES ('30413', '1', '1', '1.mkv', '2762d3ce-a0e3-40d1-9096-b3d93380c75f', '2762d3ce-a0e3-40d1-9096-b3d93380c75f', '视频标题134', '标签1 标签2 标签3', '视频描述134', '5297', '607', '944', '493', '824', '2013-06-11 19:22:56', 'C');
INSERT INTO `video` VALUES ('30414', '1', '1', '1.mkv', '2762d3ce-a0e3-40d1-9096-b3d93380c75f', '2762d3ce-a0e3-40d1-9096-b3d93380c75f', '视频标题135', '标签1 标签2 标签3', '视频描述135', '335', '75', '958', '108', '2926', '2013-07-22 16:17:04', 'C');
INSERT INTO `video` VALUES ('30415', '1', '1', '1.mkv', '2762d3ce-a0e3-40d1-9096-b3d93380c75f', '2762d3ce-a0e3-40d1-9096-b3d93380c75f', '视频标题136', '标签1 标签2 标签3', '视频描述136', '4091', '570', '717', '241', '333', '2013-06-27 10:05:46', 'C');
INSERT INTO `video` VALUES ('30416', '1', '1', '1.mkv', '2762d3ce-a0e3-40d1-9096-b3d93380c75f', '2762d3ce-a0e3-40d1-9096-b3d93380c75f', '视频标题137', '标签1 标签2 标签3', '视频描述137', '3417', '316', '27', '873', '389', '2013-07-22 22:15:05', 'C');
INSERT INTO `video` VALUES ('30417', '1', '1', '1.mkv', '2762d3ce-a0e3-40d1-9096-b3d93380c75f', '2762d3ce-a0e3-40d1-9096-b3d93380c75f', '视频标题138', '标签1 标签2 标签3', '视频描述138', '7240', '176', '307', '353', '2194', '2013-06-17 05:07:28', 'C');
INSERT INTO `video` VALUES ('30418', '1', '1', '1.mkv', '2762d3ce-a0e3-40d1-9096-b3d93380c75f', '2762d3ce-a0e3-40d1-9096-b3d93380c75f', '视频标题139', '标签1 标签2 标签3', '视频描述139', '815', '823', '935', '837', '1521', '2013-06-14 08:50:09', 'C');
INSERT INTO `video` VALUES ('30419', '1', '1', '1.mkv', '2762d3ce-a0e3-40d1-9096-b3d93380c75f', '2762d3ce-a0e3-40d1-9096-b3d93380c75f', '视频标题140', '标签1 标签2 标签3', '视频描述140', '4038', '558', '174', '566', '1600', '2013-07-05 08:12:45', 'C');
INSERT INTO `video` VALUES ('30420', '1', '1', '1.mkv', '2762d3ce-a0e3-40d1-9096-b3d93380c75f', '2762d3ce-a0e3-40d1-9096-b3d93380c75f', '视频标题141', '标签1 标签2 标签3', '视频描述141', '2108', '535', '626', '679', '954', '2013-07-23 21:55:38', 'C');
INSERT INTO `video` VALUES ('30421', '1', '1', '1.mkv', '2762d3ce-a0e3-40d1-9096-b3d93380c75f', '2762d3ce-a0e3-40d1-9096-b3d93380c75f', '视频标题142', '标签1 标签2 标签3', '视频描述142', '7273', '27', '275', '110', '925', '2013-07-04 16:59:56', 'C');
INSERT INTO `video` VALUES ('30422', '1', '1', '1.mkv', '2762d3ce-a0e3-40d1-9096-b3d93380c75f', '2762d3ce-a0e3-40d1-9096-b3d93380c75f', '视频标题143', '标签1 标签2 标签3', '视频描述143', '3104', '885', '475', '972', '2809', '2013-07-12 10:14:50', 'C');
INSERT INTO `video` VALUES ('30423', '1', '1', '1.mkv', '2762d3ce-a0e3-40d1-9096-b3d93380c75f', '2762d3ce-a0e3-40d1-9096-b3d93380c75f', '视频标题144', '标签1 标签2 标签3', '视频描述144', '9635', '841', '897', '369', '1304', '2013-07-24 19:42:46', 'C');
INSERT INTO `video` VALUES ('30424', '1', '1', '1.mkv', '2762d3ce-a0e3-40d1-9096-b3d93380c75f', '2762d3ce-a0e3-40d1-9096-b3d93380c75f', '视频标题145', '标签1 标签2 标签3', '视频描述145', '3541', '270', '550', '847', '1451', '2013-07-27 20:22:40', 'C');
INSERT INTO `video` VALUES ('30425', '1', '1', '1.mkv', '2762d3ce-a0e3-40d1-9096-b3d93380c75f', '2762d3ce-a0e3-40d1-9096-b3d93380c75f', '视频标题146', '标签1 标签2 标签3', '视频描述146', '4133', '56', '709', '90', '1091', '2013-06-17 21:51:59', 'C');
INSERT INTO `video` VALUES ('30426', '1', '1', '1.mkv', '2762d3ce-a0e3-40d1-9096-b3d93380c75f', '2762d3ce-a0e3-40d1-9096-b3d93380c75f', '视频标题147', '标签1 标签2 标签3', '视频描述147', '9385', '539', '1', '616', '624', '2013-07-03 17:29:35', 'C');
INSERT INTO `video` VALUES ('30427', '1', '1', '1.mkv', '2762d3ce-a0e3-40d1-9096-b3d93380c75f', '2762d3ce-a0e3-40d1-9096-b3d93380c75f', '视频标题148', '标签1 标签2 标签3', '视频描述148', '4300', '953', '986', '872', '1091', '2013-06-19 03:51:53', 'C');
INSERT INTO `video` VALUES ('30428', '1', '1', '1.mkv', '2762d3ce-a0e3-40d1-9096-b3d93380c75f', '2762d3ce-a0e3-40d1-9096-b3d93380c75f', '视频标题149', '标签1 标签2 标签3', '视频描述149', '1469', '980', '256', '238', '1067', '2013-07-05 10:10:23', 'C');
INSERT INTO `video` VALUES ('30429', '1', '1', '1.mkv', '2762d3ce-a0e3-40d1-9096-b3d93380c75f', '2762d3ce-a0e3-40d1-9096-b3d93380c75f', '视频标题150', '标签1 标签2 标签3', '视频描述150', '1151', '380', '918', '183', '2659', '2013-07-08 00:40:42', 'C');
INSERT INTO `video` VALUES ('30430', '1', '1', '1.mkv', '2762d3ce-a0e3-40d1-9096-b3d93380c75f', '2762d3ce-a0e3-40d1-9096-b3d93380c75f', '视频标题151', '标签1 标签2 标签3', '视频描述151', '9043', '576', '722', '353', '2019', '2013-07-10 12:15:00', 'C');
INSERT INTO `video` VALUES ('30431', '1', '1', '1.mkv', '2762d3ce-a0e3-40d1-9096-b3d93380c75f', '2762d3ce-a0e3-40d1-9096-b3d93380c75f', '视频标题152', '标签1 标签2 标签3', '视频描述152', '1325', '366', '977', '191', '1656', '2013-06-20 09:51:03', 'C');
INSERT INTO `video` VALUES ('30432', '1', '1', '1.mkv', '2762d3ce-a0e3-40d1-9096-b3d93380c75f', '2762d3ce-a0e3-40d1-9096-b3d93380c75f', '视频标题153', '标签1 标签2 标签3', '视频描述153', '8622', '965', '443', '633', '2583', '2013-06-15 00:54:42', 'C');
INSERT INTO `video` VALUES ('30433', '1', '1', '1.mkv', '2762d3ce-a0e3-40d1-9096-b3d93380c75f', '2762d3ce-a0e3-40d1-9096-b3d93380c75f', '视频标题154', '标签1 标签2 标签3', '视频描述154', '4333', '995', '753', '368', '2623', '2013-06-26 10:12:43', 'C');
INSERT INTO `video` VALUES ('30434', '1', '1', '1.mkv', '2762d3ce-a0e3-40d1-9096-b3d93380c75f', '2762d3ce-a0e3-40d1-9096-b3d93380c75f', '视频标题155', '标签1 标签2 标签3', '视频描述155', '3915', '111', '289', '37', '1600', '2013-06-19 05:01:27', 'C');
INSERT INTO `video` VALUES ('30435', '1', '1', '1.mkv', '2762d3ce-a0e3-40d1-9096-b3d93380c75f', '2762d3ce-a0e3-40d1-9096-b3d93380c75f', '视频标题156', '标签1 标签2 标签3', '视频描述156', '8661', '212', '320', '656', '16', '2013-07-11 09:41:31', 'C');
INSERT INTO `video` VALUES ('30436', '1', '1', '1.mkv', '2762d3ce-a0e3-40d1-9096-b3d93380c75f', '2762d3ce-a0e3-40d1-9096-b3d93380c75f', '视频标题157', '标签1 标签2 标签3', '视频描述157', '9749', '880', '235', '968', '1560', '2013-07-11 06:06:21', 'C');
INSERT INTO `video` VALUES ('30437', '1', '1', '1.mkv', '2762d3ce-a0e3-40d1-9096-b3d93380c75f', '2762d3ce-a0e3-40d1-9096-b3d93380c75f', '视频标题158', '标签1 标签2 标签3', '视频描述158', '6788', '670', '671', '506', '1726', '2013-06-21 02:55:27', 'C');
INSERT INTO `video` VALUES ('30438', '1', '1', '1.mkv', '2762d3ce-a0e3-40d1-9096-b3d93380c75f', '2762d3ce-a0e3-40d1-9096-b3d93380c75f', '视频标题159', '标签1 标签2 标签3', '视频描述159', '7117', '540', '899', '479', '1232', '2013-06-12 06:22:43', 'C');
INSERT INTO `video` VALUES ('30439', '1', '1', '1.mkv', '2762d3ce-a0e3-40d1-9096-b3d93380c75f', '2762d3ce-a0e3-40d1-9096-b3d93380c75f', '视频标题160', '标签1 标签2 标签3', '视频描述160', '3844', '839', '443', '364', '2736', '2013-07-22 19:07:34', 'C');
INSERT INTO `video` VALUES ('30440', '1', '1', '1.mkv', '2762d3ce-a0e3-40d1-9096-b3d93380c75f', '2762d3ce-a0e3-40d1-9096-b3d93380c75f', '视频标题161', '标签1 标签2 标签3', '视频描述161', '4848', '111', '773', '864', '279', '2013-07-25 03:19:27', 'C');
INSERT INTO `video` VALUES ('30441', '1', '1', '1.mkv', '2762d3ce-a0e3-40d1-9096-b3d93380c75f', '2762d3ce-a0e3-40d1-9096-b3d93380c75f', '视频标题162', '标签1 标签2 标签3', '视频描述162', '1024', '117', '741', '819', '343', '2013-06-26 08:47:07', 'C');
INSERT INTO `video` VALUES ('30442', '1', '1', '1.mkv', '2762d3ce-a0e3-40d1-9096-b3d93380c75f', '2762d3ce-a0e3-40d1-9096-b3d93380c75f', '视频标题163', '标签1 标签2 标签3', '视频描述163', '2715', '461', '425', '240', '1286', '2013-06-30 00:01:09', 'C');
INSERT INTO `video` VALUES ('30443', '1', '1', '1.mkv', '2762d3ce-a0e3-40d1-9096-b3d93380c75f', '2762d3ce-a0e3-40d1-9096-b3d93380c75f', '视频标题164', '标签1 标签2 标签3', '视频描述164', '2044', '221', '591', '294', '1282', '2013-07-23 06:46:06', 'C');
INSERT INTO `video` VALUES ('30444', '1', '1', '1.mkv', '2762d3ce-a0e3-40d1-9096-b3d93380c75f', '2762d3ce-a0e3-40d1-9096-b3d93380c75f', '视频标题165', '标签1 标签2 标签3', '视频描述165', '6081', '508', '274', '371', '1464', '2013-07-24 23:11:30', 'C');
INSERT INTO `video` VALUES ('30445', '1', '1', '1.mkv', '2762d3ce-a0e3-40d1-9096-b3d93380c75f', '2762d3ce-a0e3-40d1-9096-b3d93380c75f', '视频标题166', '标签1 标签2 标签3', '视频描述166', '8762', '949', '354', '853', '2135', '2013-06-23 18:32:10', 'C');
INSERT INTO `video` VALUES ('30446', '1', '1', '1.mkv', '2762d3ce-a0e3-40d1-9096-b3d93380c75f', '2762d3ce-a0e3-40d1-9096-b3d93380c75f', '视频标题167', '标签1 标签2 标签3', '视频描述167', '5989', '401', '554', '832', '1998', '2013-06-29 13:49:57', 'C');
INSERT INTO `video` VALUES ('30447', '1', '1', '1.mkv', '2762d3ce-a0e3-40d1-9096-b3d93380c75f', '2762d3ce-a0e3-40d1-9096-b3d93380c75f', '视频标题168', '标签1 标签2 标签3', '视频描述168', '5121', '198', '332', '789', '424', '2013-06-23 13:15:20', 'C');
INSERT INTO `video` VALUES ('30448', '1', '1', '1.mkv', '2762d3ce-a0e3-40d1-9096-b3d93380c75f', '2762d3ce-a0e3-40d1-9096-b3d93380c75f', '视频标题169', '标签1 标签2 标签3', '视频描述169', '9290', '724', '77', '201', '2104', '2013-07-08 00:58:11', 'C');
INSERT INTO `video` VALUES ('30449', '1', '1', '1.mkv', '2762d3ce-a0e3-40d1-9096-b3d93380c75f', '2762d3ce-a0e3-40d1-9096-b3d93380c75f', '视频标题170', '标签1 标签2 标签3', '视频描述170', '1579', '986', '366', '59', '2406', '2013-06-16 12:43:36', 'C');
INSERT INTO `video` VALUES ('30450', '1', '1', '1.mkv', '2762d3ce-a0e3-40d1-9096-b3d93380c75f', '2762d3ce-a0e3-40d1-9096-b3d93380c75f', '视频标题171', '标签1 标签2 标签3', '视频描述171', '623', '354', '418', '692', '496', '2013-06-15 17:56:34', 'C');
INSERT INTO `video` VALUES ('30451', '1', '1', '1.mkv', '2762d3ce-a0e3-40d1-9096-b3d93380c75f', '2762d3ce-a0e3-40d1-9096-b3d93380c75f', '视频标题172', '标签1 标签2 标签3', '视频描述172', '2009', '173', '972', '161', '106', '2013-07-04 06:07:31', 'C');
INSERT INTO `video` VALUES ('30452', '1', '1', '1.mkv', '2762d3ce-a0e3-40d1-9096-b3d93380c75f', '2762d3ce-a0e3-40d1-9096-b3d93380c75f', '视频标题173', '标签1 标签2 标签3', '视频描述173', '3888', '454', '577', '673', '392', '2013-06-21 00:39:03', 'C');
INSERT INTO `video` VALUES ('30453', '1', '1', '1.mkv', '2762d3ce-a0e3-40d1-9096-b3d93380c75f', '2762d3ce-a0e3-40d1-9096-b3d93380c75f', '视频标题174', '标签1 标签2 标签3', '视频描述174', '481', '635', '109', '441', '2663', '2013-06-28 17:44:20', 'C');
INSERT INTO `video` VALUES ('30454', '1', '1', '1.mkv', '2762d3ce-a0e3-40d1-9096-b3d93380c75f', '2762d3ce-a0e3-40d1-9096-b3d93380c75f', '视频标题175', '标签1 标签2 标签3', '视频描述175', '6702', '988', '670', '449', '2611', '2013-07-24 01:58:46', 'C');
INSERT INTO `video` VALUES ('30455', '1', '1', '1.mkv', '2762d3ce-a0e3-40d1-9096-b3d93380c75f', '2762d3ce-a0e3-40d1-9096-b3d93380c75f', '视频标题176', '标签1 标签2 标签3', '视频描述176', '5517', '335', '890', '684', '571', '2013-07-20 01:05:43', 'C');
INSERT INTO `video` VALUES ('30456', '1', '1', '1.mkv', '2762d3ce-a0e3-40d1-9096-b3d93380c75f', '2762d3ce-a0e3-40d1-9096-b3d93380c75f', '视频标题177', '标签1 标签2 标签3', '视频描述177', '5624', '804', '909', '135', '2568', '2013-07-23 20:06:44', 'C');
INSERT INTO `video` VALUES ('30457', '1', '1', '1.mkv', '2762d3ce-a0e3-40d1-9096-b3d93380c75f', '2762d3ce-a0e3-40d1-9096-b3d93380c75f', '视频标题178', '标签1 标签2 标签3', '视频描述178', '4287', '92', '219', '950', '365', '2013-06-24 00:07:13', 'C');
INSERT INTO `video` VALUES ('30458', '1', '1', '1.mkv', '2762d3ce-a0e3-40d1-9096-b3d93380c75f', '2762d3ce-a0e3-40d1-9096-b3d93380c75f', '视频标题179', '标签1 标签2 标签3', '视频描述179', '6108', '190', '630', '654', '659', '2013-07-10 16:10:31', 'C');
INSERT INTO `video` VALUES ('30459', '1', '1', '1.mkv', '2762d3ce-a0e3-40d1-9096-b3d93380c75f', '2762d3ce-a0e3-40d1-9096-b3d93380c75f', '视频标题180', '标签1 标签2 标签3', '视频描述180', '7686', '730', '932', '897', '1201', '2013-07-09 23:46:00', 'C');
INSERT INTO `video` VALUES ('30460', '1', '1', '1.mkv', '2762d3ce-a0e3-40d1-9096-b3d93380c75f', '2762d3ce-a0e3-40d1-9096-b3d93380c75f', '视频标题181', '标签1 标签2 标签3', '视频描述181', '1693', '335', '248', '135', '2885', '2013-06-22 05:18:16', 'C');
INSERT INTO `video` VALUES ('30461', '1', '1', '1.mkv', '2762d3ce-a0e3-40d1-9096-b3d93380c75f', '2762d3ce-a0e3-40d1-9096-b3d93380c75f', '视频标题182', '标签1 标签2 标签3', '视频描述182', '9660', '214', '462', '108', '2015', '2013-07-19 08:15:10', 'C');
INSERT INTO `video` VALUES ('30462', '1', '1', '1.mkv', '2762d3ce-a0e3-40d1-9096-b3d93380c75f', '2762d3ce-a0e3-40d1-9096-b3d93380c75f', '视频标题183', '标签1 标签2 标签3', '视频描述183', '3216', '440', '43', '428', '636', '2013-07-29 08:14:46', 'C');
INSERT INTO `video` VALUES ('30463', '1', '1', '1.mkv', '2762d3ce-a0e3-40d1-9096-b3d93380c75f', '2762d3ce-a0e3-40d1-9096-b3d93380c75f', '视频标题184', '标签1 标签2 标签3', '视频描述184', '609', '701', '570', '295', '178', '2013-06-11 06:58:52', 'C');
INSERT INTO `video` VALUES ('30464', '1', '1', '1.mkv', '2762d3ce-a0e3-40d1-9096-b3d93380c75f', '2762d3ce-a0e3-40d1-9096-b3d93380c75f', '视频标题185', '标签1 标签2 标签3', '视频描述185', '8041', '102', '925', '182', '2837', '2013-06-21 23:23:48', 'C');
INSERT INTO `video` VALUES ('30465', '1', '1', '1.mkv', '2762d3ce-a0e3-40d1-9096-b3d93380c75f', '2762d3ce-a0e3-40d1-9096-b3d93380c75f', '视频标题186', '标签1 标签2 标签3', '视频描述186', '3790', '191', '584', '325', '741', '2013-06-11 03:11:03', 'C');
INSERT INTO `video` VALUES ('30466', '1', '1', '1.mkv', '2762d3ce-a0e3-40d1-9096-b3d93380c75f', '2762d3ce-a0e3-40d1-9096-b3d93380c75f', '视频标题187', '标签1 标签2 标签3', '视频描述187', '4007', '706', '703', '136', '68', '2013-07-21 09:28:42', 'C');
INSERT INTO `video` VALUES ('30467', '1', '1', '1.mkv', '2762d3ce-a0e3-40d1-9096-b3d93380c75f', '2762d3ce-a0e3-40d1-9096-b3d93380c75f', '视频标题188', '标签1 标签2 标签3', '视频描述188', '8573', '557', '949', '981', '985', '2013-07-28 00:25:03', 'C');
INSERT INTO `video` VALUES ('30468', '1', '1', '1.mkv', '2762d3ce-a0e3-40d1-9096-b3d93380c75f', '2762d3ce-a0e3-40d1-9096-b3d93380c75f', '视频标题189', '标签1 标签2 标签3', '视频描述189', '7832', '134', '241', '510', '886', '2013-07-27 02:30:37', 'C');
INSERT INTO `video` VALUES ('30469', '1', '1', '1.mkv', '2762d3ce-a0e3-40d1-9096-b3d93380c75f', '2762d3ce-a0e3-40d1-9096-b3d93380c75f', '视频标题190', '标签1 标签2 标签3', '视频描述190', '1148', '695', '42', '494', '225', '2013-06-27 21:49:35', 'C');
INSERT INTO `video` VALUES ('30470', '1', '1', '1.mkv', '2762d3ce-a0e3-40d1-9096-b3d93380c75f', '2762d3ce-a0e3-40d1-9096-b3d93380c75f', '视频标题191', '标签1 标签2 标签3', '视频描述191', '6719', '242', '960', '374', '14', '2013-06-29 05:15:36', 'C');
INSERT INTO `video` VALUES ('30471', '1', '1', '1.mkv', '2762d3ce-a0e3-40d1-9096-b3d93380c75f', '2762d3ce-a0e3-40d1-9096-b3d93380c75f', '视频标题192', '标签1 标签2 标签3', '视频描述192', '3512', '557', '681', '414', '343', '2013-06-23 11:15:37', 'C');
INSERT INTO `video` VALUES ('30472', '1', '1', '1.mkv', '2762d3ce-a0e3-40d1-9096-b3d93380c75f', '2762d3ce-a0e3-40d1-9096-b3d93380c75f', '视频标题193', '标签1 标签2 标签3', '视频描述193', '7001', '649', '329', '753', '2355', '2013-06-22 23:49:37', 'C');
INSERT INTO `video` VALUES ('30473', '1', '1', '1.mkv', '2762d3ce-a0e3-40d1-9096-b3d93380c75f', '2762d3ce-a0e3-40d1-9096-b3d93380c75f', '视频标题194', '标签1 标签2 标签3', '视频描述194', '5999', '919', '699', '854', '2767', '2013-06-16 17:47:35', 'C');
INSERT INTO `video` VALUES ('30474', '1', '1', '1.mkv', '2762d3ce-a0e3-40d1-9096-b3d93380c75f', '2762d3ce-a0e3-40d1-9096-b3d93380c75f', '视频标题195', '标签1 标签2 标签3', '视频描述195', '7063', '60', '5', '334', '2338', '2013-07-06 18:54:05', 'C');
INSERT INTO `video` VALUES ('30475', '1', '1', '1.mkv', '2762d3ce-a0e3-40d1-9096-b3d93380c75f', '2762d3ce-a0e3-40d1-9096-b3d93380c75f', '视频标题196', '标签1 标签2 标签3', '视频描述196', '7430', '227', '556', '389', '2106', '2013-07-15 15:48:09', 'C');
INSERT INTO `video` VALUES ('30476', '1', '1', '1.mkv', '2762d3ce-a0e3-40d1-9096-b3d93380c75f', '2762d3ce-a0e3-40d1-9096-b3d93380c75f', '视频标题197', '标签1 标签2 标签3', '视频描述197', '5470', '210', '925', '107', '2904', '2013-06-26 15:39:55', 'C');
INSERT INTO `video` VALUES ('30477', '1', '1', '1.mkv', '2762d3ce-a0e3-40d1-9096-b3d93380c75f', '2762d3ce-a0e3-40d1-9096-b3d93380c75f', '视频标题198', '标签1 标签2 标签3', '视频描述198', '9138', '43', '535', '999', '255', '2013-07-23 05:20:44', 'C');
INSERT INTO `video` VALUES ('30478', '1', '1', '1.mkv', '2762d3ce-a0e3-40d1-9096-b3d93380c75f', '2762d3ce-a0e3-40d1-9096-b3d93380c75f', '视频标题199', '标签1 标签2 标签3', '视频描述199', '9922', '962', '568', '737', '1671', '2013-07-23 06:03:09', 'C');
INSERT INTO `video` VALUES ('30479', '1', '1', '1.mkv', '2762d3ce-a0e3-40d1-9096-b3d93380c75f', '2762d3ce-a0e3-40d1-9096-b3d93380c75f', '视频标题200', '标签1 标签2 标签3', '视频描述200', '6027', '633', '654', '993', '738', '2013-07-01 09:06:17', 'C');
INSERT INTO `video` VALUES ('30480', '1', '1', '1.mkv', '2762d3ce-a0e3-40d1-9096-b3d93380c75f', '2762d3ce-a0e3-40d1-9096-b3d93380c75f', '视频标题201', '标签1 标签2 标签3', '视频描述201', '3335', '86', '816', '884', '969', '2013-07-21 23:18:50', 'C');
INSERT INTO `video` VALUES ('30481', '1', '1', '1.mkv', '2762d3ce-a0e3-40d1-9096-b3d93380c75f', '2762d3ce-a0e3-40d1-9096-b3d93380c75f', '视频标题202', '标签1 标签2 标签3', '视频描述202', '1459', '623', '793', '458', '1607', '2013-06-14 12:51:23', 'C');
INSERT INTO `video` VALUES ('30482', '1', '1', '1.mkv', '2762d3ce-a0e3-40d1-9096-b3d93380c75f', '2762d3ce-a0e3-40d1-9096-b3d93380c75f', '视频标题203', '标签1 标签2 标签3', '视频描述203', '1664', '892', '171', '139', '690', '2013-06-23 23:34:53', 'C');
INSERT INTO `video` VALUES ('30483', '1', '1', '1.mkv', '2762d3ce-a0e3-40d1-9096-b3d93380c75f', '2762d3ce-a0e3-40d1-9096-b3d93380c75f', '视频标题204', '标签1 标签2 标签3', '视频描述204', '3789', '759', '768', '216', '232', '2013-06-15 06:31:00', 'C');
INSERT INTO `video` VALUES ('30484', '1', '1', '1.mkv', '2762d3ce-a0e3-40d1-9096-b3d93380c75f', '2762d3ce-a0e3-40d1-9096-b3d93380c75f', '视频标题205', '标签1 标签2 标签3', '视频描述205', '3659', '571', '246', '330', '991', '2013-06-29 17:01:48', 'C');
INSERT INTO `video` VALUES ('30485', '1', '1', '1.mkv', '2762d3ce-a0e3-40d1-9096-b3d93380c75f', '2762d3ce-a0e3-40d1-9096-b3d93380c75f', '视频标题206', '标签1 标签2 标签3', '视频描述206', '225', '604', '339', '502', '410', '2013-07-20 14:05:43', 'C');
INSERT INTO `video` VALUES ('30486', '1', '1', '1.mkv', '2762d3ce-a0e3-40d1-9096-b3d93380c75f', '2762d3ce-a0e3-40d1-9096-b3d93380c75f', '视频标题207', '标签1 标签2 标签3', '视频描述207', '4491', '408', '773', '642', '781', '2013-07-01 11:12:27', 'C');
INSERT INTO `video` VALUES ('30487', '1', '1', '1.mkv', '2762d3ce-a0e3-40d1-9096-b3d93380c75f', '2762d3ce-a0e3-40d1-9096-b3d93380c75f', '视频标题208', '标签1 标签2 标签3', '视频描述208', '5571', '956', '525', '430', '2446', '2013-07-09 22:36:02', 'C');
INSERT INTO `video` VALUES ('30488', '1', '1', '1.mkv', '2762d3ce-a0e3-40d1-9096-b3d93380c75f', '2762d3ce-a0e3-40d1-9096-b3d93380c75f', '视频标题209', '标签1 标签2 标签3', '视频描述209', '8320', '467', '45', '194', '140', '2013-07-27 13:37:49', 'C');
INSERT INTO `video` VALUES ('30489', '1', '1', '1.mkv', '2762d3ce-a0e3-40d1-9096-b3d93380c75f', '2762d3ce-a0e3-40d1-9096-b3d93380c75f', '视频标题210', '标签1 标签2 标签3', '视频描述210', '6396', '332', '561', '448', '2436', '2013-07-22 17:49:42', 'C');
INSERT INTO `video` VALUES ('30490', '1', '1', '1.mkv', '2762d3ce-a0e3-40d1-9096-b3d93380c75f', '2762d3ce-a0e3-40d1-9096-b3d93380c75f', '视频标题211', '标签1 标签2 标签3', '视频描述211', '5369', '154', '994', '828', '1497', '2013-07-08 01:16:41', 'C');
INSERT INTO `video` VALUES ('30491', '1', '1', '1.mkv', '2762d3ce-a0e3-40d1-9096-b3d93380c75f', '2762d3ce-a0e3-40d1-9096-b3d93380c75f', '视频标题212', '标签1 标签2 标签3', '视频描述212', '2217', '61', '364', '342', '1890', '2013-06-19 10:17:41', 'C');
INSERT INTO `video` VALUES ('30492', '1', '1', '1.mkv', '2762d3ce-a0e3-40d1-9096-b3d93380c75f', '2762d3ce-a0e3-40d1-9096-b3d93380c75f', '视频标题213', '标签1 标签2 标签3', '视频描述213', '4455', '20', '215', '226', '1106', '2013-06-30 11:25:57', 'C');
INSERT INTO `video` VALUES ('30493', '1', '1', '1.mkv', '2762d3ce-a0e3-40d1-9096-b3d93380c75f', '2762d3ce-a0e3-40d1-9096-b3d93380c75f', '视频标题214', '标签1 标签2 标签3', '视频描述214', '1960', '904', '394', '698', '2323', '2013-06-24 07:19:24', 'C');
INSERT INTO `video` VALUES ('30494', '1', '1', '1.mkv', '2762d3ce-a0e3-40d1-9096-b3d93380c75f', '2762d3ce-a0e3-40d1-9096-b3d93380c75f', '视频标题215', '标签1 标签2 标签3', '视频描述215', '7763', '899', '31', '156', '1916', '2013-06-29 14:01:54', 'C');
INSERT INTO `video` VALUES ('30495', '1', '1', '1.mkv', '2762d3ce-a0e3-40d1-9096-b3d93380c75f', '2762d3ce-a0e3-40d1-9096-b3d93380c75f', '视频标题216', '标签1 标签2 标签3', '视频描述216', '7114', '123', '541', '486', '348', '2013-06-11 22:31:02', 'C');
INSERT INTO `video` VALUES ('30496', '1', '1', '1.mkv', '2762d3ce-a0e3-40d1-9096-b3d93380c75f', '2762d3ce-a0e3-40d1-9096-b3d93380c75f', '视频标题217', '标签1 标签2 标签3', '视频描述217', '4016', '512', '41', '654', '1609', '2013-06-24 12:20:16', 'C');
INSERT INTO `video` VALUES ('30497', '1', '1', '1.mkv', '2762d3ce-a0e3-40d1-9096-b3d93380c75f', '2762d3ce-a0e3-40d1-9096-b3d93380c75f', '视频标题218', '标签1 标签2 标签3', '视频描述218', '8283', '79', '959', '287', '320', '2013-07-03 15:15:42', 'C');
INSERT INTO `video` VALUES ('30498', '1', '1', '1.mkv', '2762d3ce-a0e3-40d1-9096-b3d93380c75f', '2762d3ce-a0e3-40d1-9096-b3d93380c75f', '视频标题219', '标签1 标签2 标签3', '视频描述219', '9782', '380', '372', '819', '2901', '2013-07-11 03:07:53', 'C');
INSERT INTO `video` VALUES ('30499', '1', '1', '1.mkv', '2762d3ce-a0e3-40d1-9096-b3d93380c75f', '2762d3ce-a0e3-40d1-9096-b3d93380c75f', '视频标题220', '标签1 标签2 标签3', '视频描述220', '7477', '16', '632', '734', '2036', '2013-06-25 08:21:19', 'C');
INSERT INTO `video` VALUES ('30500', '1', '1', '1.mkv', '2762d3ce-a0e3-40d1-9096-b3d93380c75f', '2762d3ce-a0e3-40d1-9096-b3d93380c75f', '视频标题221', '标签1 标签2 标签3', '视频描述221', '8964', '338', '748', '586', '1087', '2013-06-26 02:52:50', 'C');
INSERT INTO `video` VALUES ('30501', '1', '1', '1.mkv', '2762d3ce-a0e3-40d1-9096-b3d93380c75f', '2762d3ce-a0e3-40d1-9096-b3d93380c75f', '视频标题222', '标签1 标签2 标签3', '视频描述222', '7643', '848', '178', '260', '2908', '2013-07-01 00:12:30', 'C');
INSERT INTO `video` VALUES ('30502', '1', '1', '1.mkv', '2762d3ce-a0e3-40d1-9096-b3d93380c75f', '2762d3ce-a0e3-40d1-9096-b3d93380c75f', '视频标题223', '标签1 标签2 标签3', '视频描述223', '9375', '355', '968', '257', '404', '2013-06-26 13:24:56', 'C');
INSERT INTO `video` VALUES ('30503', '1', '1', '1.mkv', '2762d3ce-a0e3-40d1-9096-b3d93380c75f', '2762d3ce-a0e3-40d1-9096-b3d93380c75f', '视频标题224', '标签1 标签2 标签3', '视频描述224', '7130', '713', '258', '432', '1237', '2013-07-06 11:23:13', 'C');
INSERT INTO `video` VALUES ('30504', '1', '1', '1.mkv', '2762d3ce-a0e3-40d1-9096-b3d93380c75f', '2762d3ce-a0e3-40d1-9096-b3d93380c75f', '视频标题225', '标签1 标签2 标签3', '视频描述225', '8999', '405', '261', '125', '1806', '2013-07-13 20:09:48', 'C');
INSERT INTO `video` VALUES ('30505', '1', '1', '1.mkv', '2762d3ce-a0e3-40d1-9096-b3d93380c75f', '2762d3ce-a0e3-40d1-9096-b3d93380c75f', '视频标题226', '标签1 标签2 标签3', '视频描述226', '7073', '805', '49', '471', '1061', '2013-06-20 03:28:53', 'C');
INSERT INTO `video` VALUES ('30506', '1', '1', '1.mkv', '2762d3ce-a0e3-40d1-9096-b3d93380c75f', '2762d3ce-a0e3-40d1-9096-b3d93380c75f', '视频标题227', '标签1 标签2 标签3', '视频描述227', '5613', '19', '265', '797', '2139', '2013-07-23 02:03:14', 'C');
INSERT INTO `video` VALUES ('30507', '1', '1', '1.mkv', '2762d3ce-a0e3-40d1-9096-b3d93380c75f', '2762d3ce-a0e3-40d1-9096-b3d93380c75f', '视频标题228', '标签1 标签2 标签3', '视频描述228', '4170', '844', '784', '400', '2541', '2013-07-23 03:37:12', 'C');
INSERT INTO `video` VALUES ('30508', '1', '1', '1.mkv', '2762d3ce-a0e3-40d1-9096-b3d93380c75f', '2762d3ce-a0e3-40d1-9096-b3d93380c75f', '视频标题229', '标签1 标签2 标签3', '视频描述229', '5434', '558', '509', '794', '2274', '2013-07-22 15:56:48', 'C');
INSERT INTO `video` VALUES ('30509', '1', '1', '1.mkv', '2762d3ce-a0e3-40d1-9096-b3d93380c75f', '2762d3ce-a0e3-40d1-9096-b3d93380c75f', '视频标题230', '标签1 标签2 标签3', '视频描述230', '9082', '897', '225', '962', '152', '2013-07-14 01:00:57', 'C');
INSERT INTO `video` VALUES ('30510', '1', '1', '1.mkv', '2762d3ce-a0e3-40d1-9096-b3d93380c75f', '2762d3ce-a0e3-40d1-9096-b3d93380c75f', '视频标题231', '标签1 标签2 标签3', '视频描述231', '7411', '207', '522', '871', '1464', '2013-06-20 20:53:13', 'C');
INSERT INTO `video` VALUES ('30511', '1', '1', '1.mkv', '2762d3ce-a0e3-40d1-9096-b3d93380c75f', '2762d3ce-a0e3-40d1-9096-b3d93380c75f', '视频标题232', '标签1 标签2 标签3', '视频描述232', '6843', '906', '626', '124', '2795', '2013-06-18 01:00:51', 'C');
INSERT INTO `video` VALUES ('30512', '1', '1', '1.mkv', '2762d3ce-a0e3-40d1-9096-b3d93380c75f', '2762d3ce-a0e3-40d1-9096-b3d93380c75f', '视频标题233', '标签1 标签2 标签3', '视频描述233', '1104', '561', '180', '241', '488', '2013-07-24 02:49:08', 'C');
INSERT INTO `video` VALUES ('30513', '1', '1', '1.mkv', '2762d3ce-a0e3-40d1-9096-b3d93380c75f', '2762d3ce-a0e3-40d1-9096-b3d93380c75f', '视频标题234', '标签1 标签2 标签3', '视频描述234', '6353', '178', '76', '191', '1604', '2013-07-25 08:26:14', 'C');
INSERT INTO `video` VALUES ('30514', '1', '1', '1.mkv', '2762d3ce-a0e3-40d1-9096-b3d93380c75f', '2762d3ce-a0e3-40d1-9096-b3d93380c75f', '视频标题235', '标签1 标签2 标签3', '视频描述235', '7764', '62', '908', '60', '2113', '2013-07-16 23:20:55', 'C');
INSERT INTO `video` VALUES ('30515', '1', '1', '1.mkv', '2762d3ce-a0e3-40d1-9096-b3d93380c75f', '2762d3ce-a0e3-40d1-9096-b3d93380c75f', '视频标题236', '标签1 标签2 标签3', '视频描述236', '8722', '884', '497', '875', '2217', '2013-07-15 07:29:24', 'C');
INSERT INTO `video` VALUES ('30516', '1', '1', '1.mkv', '2762d3ce-a0e3-40d1-9096-b3d93380c75f', '2762d3ce-a0e3-40d1-9096-b3d93380c75f', '视频标题237', '标签1 标签2 标签3', '视频描述237', '6286', '134', '304', '50', '969', '2013-06-26 16:37:11', 'C');
INSERT INTO `video` VALUES ('30517', '1', '1', '1.mkv', '2762d3ce-a0e3-40d1-9096-b3d93380c75f', '2762d3ce-a0e3-40d1-9096-b3d93380c75f', '视频标题238', '标签1 标签2 标签3', '视频描述238', '7319', '390', '501', '292', '1598', '2013-07-25 12:08:36', 'C');
INSERT INTO `video` VALUES ('30518', '1', '1', '1.mkv', '2762d3ce-a0e3-40d1-9096-b3d93380c75f', '2762d3ce-a0e3-40d1-9096-b3d93380c75f', '视频标题239', '标签1 标签2 标签3', '视频描述239', '7366', '86', '950', '256', '1118', '2013-07-27 16:47:46', 'C');
INSERT INTO `video` VALUES ('30519', '1', '1', '1.mkv', '2762d3ce-a0e3-40d1-9096-b3d93380c75f', '2762d3ce-a0e3-40d1-9096-b3d93380c75f', '视频标题240', '标签1 标签2 标签3', '视频描述240', '2791', '576', '131', '768', '136', '2013-06-12 15:01:43', 'C');
INSERT INTO `video` VALUES ('30520', '1', '1', '1.mkv', '2762d3ce-a0e3-40d1-9096-b3d93380c75f', '2762d3ce-a0e3-40d1-9096-b3d93380c75f', '视频标题241', '标签1 标签2 标签3', '视频描述241', '3915', '836', '190', '199', '365', '2013-06-18 05:00:40', 'C');
INSERT INTO `video` VALUES ('30521', '1', '1', '1.mkv', '2762d3ce-a0e3-40d1-9096-b3d93380c75f', '2762d3ce-a0e3-40d1-9096-b3d93380c75f', '视频标题242', '标签1 标签2 标签3', '视频描述242', '7132', '416', '87', '135', '64', '2013-07-28 23:01:05', 'C');
INSERT INTO `video` VALUES ('30522', '1', '1', '1.mkv', '2762d3ce-a0e3-40d1-9096-b3d93380c75f', '2762d3ce-a0e3-40d1-9096-b3d93380c75f', '视频标题243', '标签1 标签2 标签3', '视频描述243', '8400', '917', '38', '67', '492', '2013-07-15 01:40:31', 'C');
INSERT INTO `video` VALUES ('30523', '1', '1', '1.mkv', '2762d3ce-a0e3-40d1-9096-b3d93380c75f', '2762d3ce-a0e3-40d1-9096-b3d93380c75f', '视频标题244', '标签1 标签2 标签3', '视频描述244', '3702', '772', '851', '319', '2335', '2013-06-15 20:38:45', 'C');
INSERT INTO `video` VALUES ('30524', '1', '1', '1.mkv', '2762d3ce-a0e3-40d1-9096-b3d93380c75f', '2762d3ce-a0e3-40d1-9096-b3d93380c75f', '视频标题245', '标签1 标签2 标签3', '视频描述245', '3039', '105', '23', '716', '2873', '2013-07-29 12:35:46', 'C');
INSERT INTO `video` VALUES ('30525', '1', '1', '1.mkv', '2762d3ce-a0e3-40d1-9096-b3d93380c75f', '2762d3ce-a0e3-40d1-9096-b3d93380c75f', '视频标题246', '标签1 标签2 标签3', '视频描述246', '6515', '251', '826', '562', '304', '2013-07-24 04:50:43', 'C');
INSERT INTO `video` VALUES ('30526', '1', '1', '1.mkv', '2762d3ce-a0e3-40d1-9096-b3d93380c75f', '2762d3ce-a0e3-40d1-9096-b3d93380c75f', '视频标题247', '标签1 标签2 标签3', '视频描述247', '3804', '193', '470', '376', '2197', '2013-06-24 22:35:09', 'C');
INSERT INTO `video` VALUES ('30527', '1', '1', '1.mkv', '2762d3ce-a0e3-40d1-9096-b3d93380c75f', '2762d3ce-a0e3-40d1-9096-b3d93380c75f', '视频标题248', '标签1 标签2 标签3', '视频描述248', '6633', '624', '778', '189', '2165', '2013-07-08 04:42:26', 'C');
INSERT INTO `video` VALUES ('30528', '1', '1', '1.mkv', '2762d3ce-a0e3-40d1-9096-b3d93380c75f', '2762d3ce-a0e3-40d1-9096-b3d93380c75f', '视频标题249', '标签1 标签2 标签3', '视频描述249', '4196', '653', '645', '969', '1539', '2013-07-14 19:58:08', 'C');
INSERT INTO `video` VALUES ('30529', '1', '1', '1.mkv', '2762d3ce-a0e3-40d1-9096-b3d93380c75f', '2762d3ce-a0e3-40d1-9096-b3d93380c75f', '视频标题250', '标签1 标签2 标签3', '视频描述250', '6019', '596', '382', '111', '544', '2013-07-24 03:33:48', 'C');
INSERT INTO `video` VALUES ('30530', '1', '1', '1.mkv', '2762d3ce-a0e3-40d1-9096-b3d93380c75f', '2762d3ce-a0e3-40d1-9096-b3d93380c75f', '视频标题251', '标签1 标签2 标签3', '视频描述251', '4039', '614', '928', '448', '1226', '2013-07-03 13:28:49', 'C');
INSERT INTO `video` VALUES ('30531', '1', '1', '1.mkv', '2762d3ce-a0e3-40d1-9096-b3d93380c75f', '2762d3ce-a0e3-40d1-9096-b3d93380c75f', '视频标题252', '标签1 标签2 标签3', '视频描述252', '5215', '238', '313', '59', '2194', '2013-06-21 06:07:24', 'C');
INSERT INTO `video` VALUES ('30532', '1', '1', '1.mkv', '2762d3ce-a0e3-40d1-9096-b3d93380c75f', '2762d3ce-a0e3-40d1-9096-b3d93380c75f', '视频标题253', '标签1 标签2 标签3', '视频描述253', '1495', '899', '93', '389', '2281', '2013-07-24 09:28:42', 'C');
INSERT INTO `video` VALUES ('30533', '1', '1', '1.mkv', '2762d3ce-a0e3-40d1-9096-b3d93380c75f', '2762d3ce-a0e3-40d1-9096-b3d93380c75f', '视频标题254', '标签1 标签2 标签3', '视频描述254', '225', '34', '870', '379', '1161', '2013-07-22 02:40:45', 'C');
INSERT INTO `video` VALUES ('30534', '1', '1', '1.mkv', '2762d3ce-a0e3-40d1-9096-b3d93380c75f', '2762d3ce-a0e3-40d1-9096-b3d93380c75f', '视频标题255', '标签1 标签2 标签3', '视频描述255', '3260', '623', '691', '953', '2129', '2013-07-17 18:46:17', 'C');
INSERT INTO `video` VALUES ('30535', '1', '1', '1.mkv', '2762d3ce-a0e3-40d1-9096-b3d93380c75f', '2762d3ce-a0e3-40d1-9096-b3d93380c75f', '视频标题256', '标签1 标签2 标签3', '视频描述256', '9192', '652', '828', '834', '579', '2013-06-13 18:44:22', 'C');
INSERT INTO `video` VALUES ('30536', '1', '1', '1.mkv', '2762d3ce-a0e3-40d1-9096-b3d93380c75f', '2762d3ce-a0e3-40d1-9096-b3d93380c75f', '视频标题257', '标签1 标签2 标签3', '视频描述257', '8824', '627', '675', '115', '1070', '2013-07-21 05:38:42', 'C');
INSERT INTO `video` VALUES ('30537', '1', '1', '1.mkv', '2762d3ce-a0e3-40d1-9096-b3d93380c75f', '2762d3ce-a0e3-40d1-9096-b3d93380c75f', '视频标题258', '标签1 标签2 标签3', '视频描述258', '5847', '512', '487', '669', '2352', '2013-06-21 07:10:33', 'C');
INSERT INTO `video` VALUES ('30538', '1', '1', '1.mkv', '2762d3ce-a0e3-40d1-9096-b3d93380c75f', '2762d3ce-a0e3-40d1-9096-b3d93380c75f', '视频标题259', '标签1 标签2 标签3', '视频描述259', '9950', '18', '988', '476', '1936', '2013-07-17 03:26:16', 'C');
INSERT INTO `video` VALUES ('30539', '1', '1', '1.mkv', '2762d3ce-a0e3-40d1-9096-b3d93380c75f', '2762d3ce-a0e3-40d1-9096-b3d93380c75f', '视频标题260', '标签1 标签2 标签3', '视频描述260', '4503', '424', '625', '631', '1707', '2013-06-29 06:11:11', 'C');
INSERT INTO `video` VALUES ('30540', '1', '1', '1.mkv', '2762d3ce-a0e3-40d1-9096-b3d93380c75f', '2762d3ce-a0e3-40d1-9096-b3d93380c75f', '视频标题261', '标签1 标签2 标签3', '视频描述261', '8551', '424', '569', '128', '2166', '2013-07-01 10:19:58', 'C');
INSERT INTO `video` VALUES ('30541', '1', '1', '1.mkv', '2762d3ce-a0e3-40d1-9096-b3d93380c75f', '2762d3ce-a0e3-40d1-9096-b3d93380c75f', '视频标题262', '标签1 标签2 标签3', '视频描述262', '8849', '328', '639', '750', '946', '2013-06-21 08:10:13', 'C');
INSERT INTO `video` VALUES ('30542', '1', '1', '1.mkv', '2762d3ce-a0e3-40d1-9096-b3d93380c75f', '2762d3ce-a0e3-40d1-9096-b3d93380c75f', '视频标题263', '标签1 标签2 标签3', '视频描述263', '891', '103', '430', '641', '633', '2013-06-12 11:51:24', 'C');
INSERT INTO `video` VALUES ('30543', '1', '1', '1.mkv', '2762d3ce-a0e3-40d1-9096-b3d93380c75f', '2762d3ce-a0e3-40d1-9096-b3d93380c75f', '视频标题264', '标签1 标签2 标签3', '视频描述264', '3712', '281', '352', '983', '468', '2013-06-21 11:56:04', 'C');
INSERT INTO `video` VALUES ('30544', '1', '1', '1.mkv', '2762d3ce-a0e3-40d1-9096-b3d93380c75f', '2762d3ce-a0e3-40d1-9096-b3d93380c75f', '视频标题265', '标签1 标签2 标签3', '视频描述265', '5798', '175', '865', '177', '1485', '2013-07-12 03:53:08', 'C');
INSERT INTO `video` VALUES ('30545', '1', '1', '1.mkv', '2762d3ce-a0e3-40d1-9096-b3d93380c75f', '2762d3ce-a0e3-40d1-9096-b3d93380c75f', '视频标题266', '标签1 标签2 标签3', '视频描述266', '2315', '761', '152', '170', '1407', '2013-07-24 12:27:47', 'C');
INSERT INTO `video` VALUES ('30546', '1', '1', '1.mkv', '2762d3ce-a0e3-40d1-9096-b3d93380c75f', '2762d3ce-a0e3-40d1-9096-b3d93380c75f', '视频标题267', '标签1 标签2 标签3', '视频描述267', '6074', '896', '756', '324', '1827', '2013-06-16 17:30:01', 'C');
INSERT INTO `video` VALUES ('30547', '1', '1', '1.mkv', '2762d3ce-a0e3-40d1-9096-b3d93380c75f', '2762d3ce-a0e3-40d1-9096-b3d93380c75f', '视频标题268', '标签1 标签2 标签3', '视频描述268', '9448', '67', '90', '474', '1780', '2013-07-17 22:31:17', 'C');
INSERT INTO `video` VALUES ('30548', '1', '1', '1.mkv', '2762d3ce-a0e3-40d1-9096-b3d93380c75f', '2762d3ce-a0e3-40d1-9096-b3d93380c75f', '视频标题269', '标签1 标签2 标签3', '视频描述269', '7802', '526', '111', '648', '1420', '2013-06-17 08:09:21', 'C');
INSERT INTO `video` VALUES ('30549', '1', '1', '1.mkv', '2762d3ce-a0e3-40d1-9096-b3d93380c75f', '2762d3ce-a0e3-40d1-9096-b3d93380c75f', '视频标题270', '标签1 标签2 标签3', '视频描述270', '2020', '513', '595', '964', '2011', '2013-07-08 10:21:17', 'C');
INSERT INTO `video` VALUES ('30550', '1', '1', '1.mkv', '2762d3ce-a0e3-40d1-9096-b3d93380c75f', '2762d3ce-a0e3-40d1-9096-b3d93380c75f', '视频标题271', '标签1 标签2 标签3', '视频描述271', '9743', '593', '602', '666', '2432', '2013-06-18 12:12:33', 'C');
INSERT INTO `video` VALUES ('30551', '1', '1', '1.mkv', '2762d3ce-a0e3-40d1-9096-b3d93380c75f', '2762d3ce-a0e3-40d1-9096-b3d93380c75f', '视频标题272', '标签1 标签2 标签3', '视频描述272', '4040', '130', '978', '266', '2921', '2013-06-29 13:38:04', 'C');
INSERT INTO `video` VALUES ('30552', '1', '1', '1.mkv', '2762d3ce-a0e3-40d1-9096-b3d93380c75f', '2762d3ce-a0e3-40d1-9096-b3d93380c75f', '视频标题273', '标签1 标签2 标签3', '视频描述273', '7530', '391', '856', '670', '757', '2013-06-29 17:41:08', 'C');
INSERT INTO `video` VALUES ('30553', '1', '1', '1.mkv', '2762d3ce-a0e3-40d1-9096-b3d93380c75f', '2762d3ce-a0e3-40d1-9096-b3d93380c75f', '视频标题274', '标签1 标签2 标签3', '视频描述274', '175', '753', '709', '172', '169', '2013-07-12 21:44:26', 'C');
INSERT INTO `video` VALUES ('30554', '1', '1', '1.mkv', '2762d3ce-a0e3-40d1-9096-b3d93380c75f', '2762d3ce-a0e3-40d1-9096-b3d93380c75f', '视频标题275', '标签1 标签2 标签3', '视频描述275', '5121', '847', '257', '539', '1067', '2013-07-24 15:54:28', 'C');
INSERT INTO `video` VALUES ('30555', '1', '1', '1.mkv', '2762d3ce-a0e3-40d1-9096-b3d93380c75f', '2762d3ce-a0e3-40d1-9096-b3d93380c75f', '视频标题276', '标签1 标签2 标签3', '视频描述276', '2027', '221', '639', '603', '223', '2013-06-19 11:13:57', 'C');
INSERT INTO `video` VALUES ('30556', '1', '1', '1.mkv', '2762d3ce-a0e3-40d1-9096-b3d93380c75f', '2762d3ce-a0e3-40d1-9096-b3d93380c75f', '视频标题277', '标签1 标签2 标签3', '视频描述277', '2495', '780', '231', '193', '499', '2013-07-04 09:09:14', 'C');
INSERT INTO `video` VALUES ('30557', '1', '1', '1.mkv', '2762d3ce-a0e3-40d1-9096-b3d93380c75f', '2762d3ce-a0e3-40d1-9096-b3d93380c75f', '视频标题278', '标签1 标签2 标签3', '视频描述278', '4782', '862', '494', '747', '1967', '2013-06-25 17:45:23', 'C');
INSERT INTO `video` VALUES ('30558', '1', '1', '1.mkv', '2762d3ce-a0e3-40d1-9096-b3d93380c75f', '2762d3ce-a0e3-40d1-9096-b3d93380c75f', '视频标题279', '标签1 标签2 标签3', '视频描述279', '6716', '132', '648', '688', '2262', '2013-06-16 00:22:14', 'C');
INSERT INTO `video` VALUES ('30559', '1', '1', '1.mkv', '2762d3ce-a0e3-40d1-9096-b3d93380c75f', '2762d3ce-a0e3-40d1-9096-b3d93380c75f', '视频标题280', '标签1 标签2 标签3', '视频描述280', '1852', '667', '737', '500', '76', '2013-07-11 05:02:49', 'C');
INSERT INTO `video` VALUES ('30560', '1', '1', '1.mkv', '2762d3ce-a0e3-40d1-9096-b3d93380c75f', '2762d3ce-a0e3-40d1-9096-b3d93380c75f', '视频标题281', '标签1 标签2 标签3', '视频描述281', '1347', '147', '259', '70', '603', '2013-07-18 01:44:40', 'C');
INSERT INTO `video` VALUES ('30561', '1', '1', '1.mkv', '2762d3ce-a0e3-40d1-9096-b3d93380c75f', '2762d3ce-a0e3-40d1-9096-b3d93380c75f', '视频标题282', '标签1 标签2 标签3', '视频描述282', '7077', '149', '437', '420', '2702', '2013-06-24 17:16:10', 'C');
INSERT INTO `video` VALUES ('30562', '1', '1', '1.mkv', '2762d3ce-a0e3-40d1-9096-b3d93380c75f', '2762d3ce-a0e3-40d1-9096-b3d93380c75f', '视频标题283', '标签1 标签2 标签3', '视频描述283', '6170', '216', '996', '637', '1842', '2013-07-19 19:34:23', 'C');
INSERT INTO `video` VALUES ('30563', '1', '1', '1.mkv', '2762d3ce-a0e3-40d1-9096-b3d93380c75f', '2762d3ce-a0e3-40d1-9096-b3d93380c75f', '视频标题284', '标签1 标签2 标签3', '视频描述284', '6538', '375', '448', '963', '2564', '2013-06-14 19:50:08', 'C');
INSERT INTO `video` VALUES ('30564', '1', '1', '1.mkv', '2762d3ce-a0e3-40d1-9096-b3d93380c75f', '2762d3ce-a0e3-40d1-9096-b3d93380c75f', '视频标题285', '标签1 标签2 标签3', '视频描述285', '1315', '346', '674', '751', '1478', '2013-06-14 19:50:23', 'C');
INSERT INTO `video` VALUES ('30565', '1', '1', '1.mkv', '2762d3ce-a0e3-40d1-9096-b3d93380c75f', '2762d3ce-a0e3-40d1-9096-b3d93380c75f', '视频标题286', '标签1 标签2 标签3', '视频描述286', '7454', '237', '206', '156', '1863', '2013-07-27 20:34:59', 'C');
INSERT INTO `video` VALUES ('30566', '1', '1', '1.mkv', '2762d3ce-a0e3-40d1-9096-b3d93380c75f', '2762d3ce-a0e3-40d1-9096-b3d93380c75f', '视频标题287', '标签1 标签2 标签3', '视频描述287', '9560', '103', '913', '614', '1920', '2013-07-25 07:58:39', 'C');
INSERT INTO `video` VALUES ('30567', '1', '1', '1.mkv', '2762d3ce-a0e3-40d1-9096-b3d93380c75f', '2762d3ce-a0e3-40d1-9096-b3d93380c75f', '视频标题288', '标签1 标签2 标签3', '视频描述288', '5860', '526', '321', '116', '1655', '2013-07-01 02:58:09', 'C');
INSERT INTO `video` VALUES ('30568', '1', '1', '1.mkv', '2762d3ce-a0e3-40d1-9096-b3d93380c75f', '2762d3ce-a0e3-40d1-9096-b3d93380c75f', '视频标题289', '标签1 标签2 标签3', '视频描述289', '3566', '994', '866', '372', '1021', '2013-07-27 17:39:47', 'C');
INSERT INTO `video` VALUES ('30569', '1', '1', '1.mkv', '2762d3ce-a0e3-40d1-9096-b3d93380c75f', '2762d3ce-a0e3-40d1-9096-b3d93380c75f', '视频标题290', '标签1 标签2 标签3', '视频描述290', '9600', '784', '941', '425', '727', '2013-06-13 20:39:55', 'C');
INSERT INTO `video` VALUES ('30570', '1', '1', '1.mkv', '2762d3ce-a0e3-40d1-9096-b3d93380c75f', '2762d3ce-a0e3-40d1-9096-b3d93380c75f', '视频标题291', '标签1 标签2 标签3', '视频描述291', '5176', '784', '975', '276', '240', '2013-06-17 11:25:15', 'C');
INSERT INTO `video` VALUES ('30571', '1', '1', '1.mkv', '2762d3ce-a0e3-40d1-9096-b3d93380c75f', '2762d3ce-a0e3-40d1-9096-b3d93380c75f', '视频标题292', '标签1 标签2 标签3', '视频描述292', '7024', '543', '849', '953', '501', '2013-07-30 02:03:22', 'C');
INSERT INTO `video` VALUES ('30572', '1', '1', '1.mkv', '2762d3ce-a0e3-40d1-9096-b3d93380c75f', '2762d3ce-a0e3-40d1-9096-b3d93380c75f', '视频标题293', '标签1 标签2 标签3', '视频描述293', '9811', '639', '603', '820', '860', '2013-07-21 05:14:01', 'C');
INSERT INTO `video` VALUES ('30573', '1', '1', '1.mkv', '2762d3ce-a0e3-40d1-9096-b3d93380c75f', '2762d3ce-a0e3-40d1-9096-b3d93380c75f', '视频标题294', '标签1 标签2 标签3', '视频描述294', '8390', '472', '194', '149', '1677', '2013-07-21 02:39:58', 'C');
INSERT INTO `video` VALUES ('30574', '1', '1', '1.mkv', '2762d3ce-a0e3-40d1-9096-b3d93380c75f', '2762d3ce-a0e3-40d1-9096-b3d93380c75f', '视频标题295', '标签1 标签2 标签3', '视频描述295', '9996', '995', '670', '368', '914', '2013-06-26 15:50:44', 'C');
INSERT INTO `video` VALUES ('30575', '1', '1', '1.mkv', '2762d3ce-a0e3-40d1-9096-b3d93380c75f', '2762d3ce-a0e3-40d1-9096-b3d93380c75f', '视频标题296', '标签1 标签2 标签3', '视频描述296', '2714', '616', '584', '353', '2907', '2013-06-13 02:02:36', 'C');
INSERT INTO `video` VALUES ('30576', '1', '1', '1.mkv', '2762d3ce-a0e3-40d1-9096-b3d93380c75f', '2762d3ce-a0e3-40d1-9096-b3d93380c75f', '视频标题297', '标签1 标签2 标签3', '视频描述297', '8103', '885', '503', '996', '977', '2013-06-19 21:19:42', 'C');
INSERT INTO `video` VALUES ('30577', '1', '1', '1.mkv', '2762d3ce-a0e3-40d1-9096-b3d93380c75f', '2762d3ce-a0e3-40d1-9096-b3d93380c75f', '视频标题298', '标签1 标签2 标签3', '视频描述298', '9375', '396', '451', '146', '2639', '2013-06-24 07:09:11', 'C');
INSERT INTO `video` VALUES ('30578', '1', '1', '1.mkv', '2762d3ce-a0e3-40d1-9096-b3d93380c75f', '2762d3ce-a0e3-40d1-9096-b3d93380c75f', '视频标题299', '标签1 标签2 标签3', '视频描述299', '8626', '561', '723', '965', '2098', '2013-07-21 13:34:22', 'C');
INSERT INTO `video` VALUES ('30579', '1', '1', '1.mkv', '2762d3ce-a0e3-40d1-9096-b3d93380c75f', '2762d3ce-a0e3-40d1-9096-b3d93380c75f', '视频标题300', '标签1 标签2 标签3', '视频描述300', '911', '229', '696', '348', '2467', '2013-07-25 20:03:55', 'C');
INSERT INTO `video` VALUES ('30580', '1', '1', '1.mkv', '2762d3ce-a0e3-40d1-9096-b3d93380c75f', '2762d3ce-a0e3-40d1-9096-b3d93380c75f', '视频标题301', '标签1 标签2 标签3', '视频描述301', '6814', '755', '75', '797', '2122', '2013-07-08 02:57:08', 'C');
INSERT INTO `video` VALUES ('30581', '1', '1', '1.mkv', '2762d3ce-a0e3-40d1-9096-b3d93380c75f', '2762d3ce-a0e3-40d1-9096-b3d93380c75f', '视频标题302', '标签1 标签2 标签3', '视频描述302', '9321', '60', '69', '550', '1977', '2013-06-27 19:38:03', 'C');
INSERT INTO `video` VALUES ('30582', '1', '1', '1.mkv', '2762d3ce-a0e3-40d1-9096-b3d93380c75f', '2762d3ce-a0e3-40d1-9096-b3d93380c75f', '视频标题303', '标签1 标签2 标签3', '视频描述303', '4502', '959', '426', '409', '2547', '2013-07-13 01:38:24', 'C');
INSERT INTO `video` VALUES ('30583', '1', '1', '1.mkv', '2762d3ce-a0e3-40d1-9096-b3d93380c75f', '2762d3ce-a0e3-40d1-9096-b3d93380c75f', '视频标题304', '标签1 标签2 标签3', '视频描述304', '4247', '451', '556', '59', '873', '2013-06-22 21:54:10', 'C');
INSERT INTO `video` VALUES ('30584', '1', '1', '1.mkv', '2762d3ce-a0e3-40d1-9096-b3d93380c75f', '2762d3ce-a0e3-40d1-9096-b3d93380c75f', '视频标题305', '标签1 标签2 标签3', '视频描述305', '6450', '517', '156', '689', '515', '2013-07-29 12:26:56', 'C');
INSERT INTO `video` VALUES ('30585', '1', '1', '1.mkv', '2762d3ce-a0e3-40d1-9096-b3d93380c75f', '2762d3ce-a0e3-40d1-9096-b3d93380c75f', '视频标题306', '标签1 标签2 标签3', '视频描述306', '3109', '343', '212', '711', '1391', '2013-06-11 11:10:01', 'C');
INSERT INTO `video` VALUES ('30586', '1', '1', '1.mkv', '2762d3ce-a0e3-40d1-9096-b3d93380c75f', '2762d3ce-a0e3-40d1-9096-b3d93380c75f', '视频标题307', '标签1 标签2 标签3', '视频描述307', '6125', '754', '714', '628', '773', '2013-07-26 11:16:02', 'C');
INSERT INTO `video` VALUES ('30587', '1', '1', '1.mkv', '2762d3ce-a0e3-40d1-9096-b3d93380c75f', '2762d3ce-a0e3-40d1-9096-b3d93380c75f', '视频标题308', '标签1 标签2 标签3', '视频描述308', '2554', '968', '210', '315', '2185', '2013-07-10 01:19:17', 'C');
INSERT INTO `video` VALUES ('30588', '1', '1', '1.mkv', '2762d3ce-a0e3-40d1-9096-b3d93380c75f', '2762d3ce-a0e3-40d1-9096-b3d93380c75f', '视频标题309', '标签1 标签2 标签3', '视频描述309', '2336', '862', '867', '780', '2750', '2013-07-05 07:50:02', 'C');
INSERT INTO `video` VALUES ('30589', '1', '1', '1.mkv', '2762d3ce-a0e3-40d1-9096-b3d93380c75f', '2762d3ce-a0e3-40d1-9096-b3d93380c75f', '视频标题310', '标签1 标签2 标签3', '视频描述310', '4167', '874', '46', '822', '1943', '2013-07-16 17:36:16', 'C');
INSERT INTO `video` VALUES ('30590', '1', '1', '1.mkv', '2762d3ce-a0e3-40d1-9096-b3d93380c75f', '2762d3ce-a0e3-40d1-9096-b3d93380c75f', '视频标题311', '标签1 标签2 标签3', '视频描述311', '5153', '874', '973', '285', '967', '2013-06-22 04:52:52', 'C');
INSERT INTO `video` VALUES ('30591', '1', '1', '1.mkv', '2762d3ce-a0e3-40d1-9096-b3d93380c75f', '2762d3ce-a0e3-40d1-9096-b3d93380c75f', '视频标题312', '标签1 标签2 标签3', '视频描述312', '3396', '716', '330', '106', '659', '2013-07-07 04:32:57', 'C');
INSERT INTO `video` VALUES ('30592', '1', '1', '1.mkv', '2762d3ce-a0e3-40d1-9096-b3d93380c75f', '2762d3ce-a0e3-40d1-9096-b3d93380c75f', '视频标题313', '标签1 标签2 标签3', '视频描述313', '5007', '82', '402', '966', '2145', '2013-06-28 05:22:32', 'C');
INSERT INTO `video` VALUES ('30593', '1', '1', '1.mkv', '2762d3ce-a0e3-40d1-9096-b3d93380c75f', '2762d3ce-a0e3-40d1-9096-b3d93380c75f', '视频标题314', '标签1 标签2 标签3', '视频描述314', '2563', '899', '589', '215', '2408', '2013-07-03 18:04:39', 'C');
INSERT INTO `video` VALUES ('30594', '1', '1', '1.mkv', '2762d3ce-a0e3-40d1-9096-b3d93380c75f', '2762d3ce-a0e3-40d1-9096-b3d93380c75f', '视频标题315', '标签1 标签2 标签3', '视频描述315', '2815', '641', '278', '354', '1711', '2013-06-19 20:41:53', 'C');
INSERT INTO `video` VALUES ('30595', '1', '1', '1.mkv', '2762d3ce-a0e3-40d1-9096-b3d93380c75f', '2762d3ce-a0e3-40d1-9096-b3d93380c75f', '视频标题316', '标签1 标签2 标签3', '视频描述316', '9093', '922', '509', '295', '2312', '2013-07-08 02:00:22', 'C');
INSERT INTO `video` VALUES ('30596', '1', '1', '1.mkv', '2762d3ce-a0e3-40d1-9096-b3d93380c75f', '2762d3ce-a0e3-40d1-9096-b3d93380c75f', '视频标题317', '标签1 标签2 标签3', '视频描述317', '6951', '262', '717', '31', '1293', '2013-07-05 08:01:54', 'C');
INSERT INTO `video` VALUES ('30597', '1', '1', '1.mkv', '2762d3ce-a0e3-40d1-9096-b3d93380c75f', '2762d3ce-a0e3-40d1-9096-b3d93380c75f', '视频标题318', '标签1 标签2 标签3', '视频描述318', '5010', '304', '123', '518', '2686', '2013-06-22 00:28:22', 'C');
INSERT INTO `video` VALUES ('30598', '1', '1', '1.mkv', '2762d3ce-a0e3-40d1-9096-b3d93380c75f', '2762d3ce-a0e3-40d1-9096-b3d93380c75f', '视频标题319', '标签1 标签2 标签3', '视频描述319', '5698', '171', '250', '24', '1614', '2013-07-12 02:36:19', 'C');
INSERT INTO `video` VALUES ('30599', '1', '1', '1.mkv', '2762d3ce-a0e3-40d1-9096-b3d93380c75f', '2762d3ce-a0e3-40d1-9096-b3d93380c75f', '视频标题320', '标签1 标签2 标签3', '视频描述320', '8253', '686', '551', '645', '931', '2013-07-04 13:13:06', 'C');
INSERT INTO `video` VALUES ('30600', '1', '1', '1.mkv', '2762d3ce-a0e3-40d1-9096-b3d93380c75f', '2762d3ce-a0e3-40d1-9096-b3d93380c75f', '视频标题321', '标签1 标签2 标签3', '视频描述321', '4199', '211', '98', '680', '2722', '2013-07-21 06:13:55', 'C');
INSERT INTO `video` VALUES ('30601', '1', '1', '1.mkv', '2762d3ce-a0e3-40d1-9096-b3d93380c75f', '2762d3ce-a0e3-40d1-9096-b3d93380c75f', '视频标题322', '标签1 标签2 标签3', '视频描述322', '9051', '588', '284', '946', '716', '2013-06-29 23:44:10', 'C');
INSERT INTO `video` VALUES ('30602', '1', '1', '1.mkv', '2762d3ce-a0e3-40d1-9096-b3d93380c75f', '2762d3ce-a0e3-40d1-9096-b3d93380c75f', '视频标题323', '标签1 标签2 标签3', '视频描述323', '5596', '862', '752', '893', '2101', '2013-07-04 11:15:23', 'C');
INSERT INTO `video` VALUES ('30603', '1', '1', '1.mkv', '2762d3ce-a0e3-40d1-9096-b3d93380c75f', '2762d3ce-a0e3-40d1-9096-b3d93380c75f', '视频标题324', '标签1 标签2 标签3', '视频描述324', '5276', '831', '406', '711', '1297', '2013-06-23 09:58:53', 'C');
INSERT INTO `video` VALUES ('30604', '1', '1', '1.mkv', '2762d3ce-a0e3-40d1-9096-b3d93380c75f', '2762d3ce-a0e3-40d1-9096-b3d93380c75f', '视频标题325', '标签1 标签2 标签3', '视频描述325', '4864', '396', '18', '423', '180', '2013-07-12 14:19:57', 'C');
INSERT INTO `video` VALUES ('30605', '1', '1', '1.mkv', '2762d3ce-a0e3-40d1-9096-b3d93380c75f', '2762d3ce-a0e3-40d1-9096-b3d93380c75f', '视频标题326', '标签1 标签2 标签3', '视频描述326', '1307', '377', '600', '669', '2377', '2013-07-08 08:00:25', 'C');
INSERT INTO `video` VALUES ('30606', '1', '1', '1.mkv', '2762d3ce-a0e3-40d1-9096-b3d93380c75f', '2762d3ce-a0e3-40d1-9096-b3d93380c75f', '视频标题327', '标签1 标签2 标签3', '视频描述327', '6974', '371', '753', '876', '2659', '2013-07-21 11:57:01', 'C');
INSERT INTO `video` VALUES ('30607', '1', '1', '1.mkv', '2762d3ce-a0e3-40d1-9096-b3d93380c75f', '2762d3ce-a0e3-40d1-9096-b3d93380c75f', '视频标题328', '标签1 标签2 标签3', '视频描述328', '6361', '629', '530', '91', '2850', '2013-07-15 22:24:27', 'C');
INSERT INTO `video` VALUES ('30608', '1', '1', '1.mkv', '2762d3ce-a0e3-40d1-9096-b3d93380c75f', '2762d3ce-a0e3-40d1-9096-b3d93380c75f', '视频标题329', '标签1 标签2 标签3', '视频描述329', '2485', '110', '287', '73', '1194', '2013-07-21 23:45:20', 'C');
INSERT INTO `video` VALUES ('30609', '1', '1', '1.mkv', '2762d3ce-a0e3-40d1-9096-b3d93380c75f', '2762d3ce-a0e3-40d1-9096-b3d93380c75f', '视频标题330', '标签1 标签2 标签3', '视频描述330', '6959', '285', '399', '656', '572', '2013-07-07 23:36:55', 'C');
INSERT INTO `video` VALUES ('30610', '1', '1', '1.mkv', '2762d3ce-a0e3-40d1-9096-b3d93380c75f', '2762d3ce-a0e3-40d1-9096-b3d93380c75f', '视频标题331', '标签1 标签2 标签3', '视频描述331', '2095', '778', '129', '903', '1501', '2013-07-29 15:08:16', 'C');
INSERT INTO `video` VALUES ('30611', '1', '1', '1.mkv', '2762d3ce-a0e3-40d1-9096-b3d93380c75f', '2762d3ce-a0e3-40d1-9096-b3d93380c75f', '视频标题332', '标签1 标签2 标签3', '视频描述332', '4872', '218', '836', '329', '1086', '2013-07-23 04:31:29', 'C');
INSERT INTO `video` VALUES ('30612', '1', '1', '1.mkv', '2762d3ce-a0e3-40d1-9096-b3d93380c75f', '2762d3ce-a0e3-40d1-9096-b3d93380c75f', '视频标题333', '标签1 标签2 标签3', '视频描述333', '9658', '727', '52', '656', '2706', '2013-06-17 05:56:36', 'C');
INSERT INTO `video` VALUES ('30613', '1', '1', '1.mkv', '2762d3ce-a0e3-40d1-9096-b3d93380c75f', '2762d3ce-a0e3-40d1-9096-b3d93380c75f', '视频标题334', '标签1 标签2 标签3', '视频描述334', '9621', '975', '107', '913', '769', '2013-06-17 08:02:37', 'C');
INSERT INTO `video` VALUES ('30614', '1', '1', '1.mkv', '2762d3ce-a0e3-40d1-9096-b3d93380c75f', '2762d3ce-a0e3-40d1-9096-b3d93380c75f', '视频标题335', '标签1 标签2 标签3', '视频描述335', '7083', '152', '445', '933', '2573', '2013-07-07 15:02:45', 'C');
INSERT INTO `video` VALUES ('30615', '1', '1', '1.mkv', '2762d3ce-a0e3-40d1-9096-b3d93380c75f', '2762d3ce-a0e3-40d1-9096-b3d93380c75f', '视频标题336', '标签1 标签2 标签3', '视频描述336', '3394', '51', '343', '220', '1121', '2013-06-27 18:28:31', 'C');
INSERT INTO `video` VALUES ('30616', '1', '1', '1.mkv', '2762d3ce-a0e3-40d1-9096-b3d93380c75f', '2762d3ce-a0e3-40d1-9096-b3d93380c75f', '视频标题337', '标签1 标签2 标签3', '视频描述337', '469', '777', '89', '94', '2855', '2013-06-12 10:32:12', 'C');
INSERT INTO `video` VALUES ('30617', '1', '1', '1.mkv', '2762d3ce-a0e3-40d1-9096-b3d93380c75f', '2762d3ce-a0e3-40d1-9096-b3d93380c75f', '视频标题338', '标签1 标签2 标签3', '视频描述338', '6991', '682', '882', '359', '675', '2013-06-26 08:31:06', 'C');
INSERT INTO `video` VALUES ('30618', '1', '1', '1.mkv', '2762d3ce-a0e3-40d1-9096-b3d93380c75f', '2762d3ce-a0e3-40d1-9096-b3d93380c75f', '视频标题339', '标签1 标签2 标签3', '视频描述339', '162', '339', '83', '485', '596', '2013-07-17 08:37:15', 'C');
INSERT INTO `video` VALUES ('30619', '1', '1', '1.mkv', '2762d3ce-a0e3-40d1-9096-b3d93380c75f', '2762d3ce-a0e3-40d1-9096-b3d93380c75f', '视频标题340', '标签1 标签2 标签3', '视频描述340', '3697', '830', '555', '231', '607', '2013-07-03 07:16:07', 'C');
INSERT INTO `video` VALUES ('30620', '1', '1', '1.mkv', '2762d3ce-a0e3-40d1-9096-b3d93380c75f', '2762d3ce-a0e3-40d1-9096-b3d93380c75f', '视频标题341', '标签1 标签2 标签3', '视频描述341', '3921', '366', '156', '374', '1643', '2013-06-19 02:28:13', 'C');
INSERT INTO `video` VALUES ('30621', '1', '1', '1.mkv', '2762d3ce-a0e3-40d1-9096-b3d93380c75f', '2762d3ce-a0e3-40d1-9096-b3d93380c75f', '视频标题342', '标签1 标签2 标签3', '视频描述342', '7439', '359', '778', '811', '2256', '2013-06-14 07:07:10', 'C');
INSERT INTO `video` VALUES ('30622', '1', '1', '1.mkv', '2762d3ce-a0e3-40d1-9096-b3d93380c75f', '2762d3ce-a0e3-40d1-9096-b3d93380c75f', '视频标题343', '标签1 标签2 标签3', '视频描述343', '173', '683', '614', '287', '409', '2013-07-22 07:44:49', 'C');
INSERT INTO `video` VALUES ('30623', '1', '1', '1.mkv', '2762d3ce-a0e3-40d1-9096-b3d93380c75f', '2762d3ce-a0e3-40d1-9096-b3d93380c75f', '视频标题344', '标签1 标签2 标签3', '视频描述344', '7314', '956', '597', '584', '673', '2013-06-25 21:34:09', 'C');
INSERT INTO `video` VALUES ('30624', '1', '1', '1.mkv', '2762d3ce-a0e3-40d1-9096-b3d93380c75f', '2762d3ce-a0e3-40d1-9096-b3d93380c75f', '视频标题345', '标签1 标签2 标签3', '视频描述345', '1334', '219', '730', '385', '2766', '2013-07-01 20:33:18', 'C');
INSERT INTO `video` VALUES ('30625', '1', '1', '1.mkv', '2762d3ce-a0e3-40d1-9096-b3d93380c75f', '2762d3ce-a0e3-40d1-9096-b3d93380c75f', '视频标题346', '标签1 标签2 标签3', '视频描述346', '5485', '134', '836', '152', '448', '2013-07-10 10:01:30', 'C');
INSERT INTO `video` VALUES ('30626', '1', '1', '1.mkv', '2762d3ce-a0e3-40d1-9096-b3d93380c75f', '2762d3ce-a0e3-40d1-9096-b3d93380c75f', '视频标题347', '标签1 标签2 标签3', '视频描述347', '1318', '322', '576', '577', '2928', '2013-07-20 22:08:08', 'C');
INSERT INTO `video` VALUES ('30627', '1', '1', '1.mkv', '2762d3ce-a0e3-40d1-9096-b3d93380c75f', '2762d3ce-a0e3-40d1-9096-b3d93380c75f', '视频标题348', '标签1 标签2 标签3', '视频描述348', '1634', '472', '768', '334', '1976', '2013-07-16 23:54:45', 'C');
INSERT INTO `video` VALUES ('30628', '1', '1', '1.mkv', '2762d3ce-a0e3-40d1-9096-b3d93380c75f', '2762d3ce-a0e3-40d1-9096-b3d93380c75f', '视频标题349', '标签1 标签2 标签3', '视频描述349', '1939', '25', '181', '621', '1118', '2013-06-30 03:45:38', 'C');
INSERT INTO `video` VALUES ('30629', '1', '1', '1.mkv', '2762d3ce-a0e3-40d1-9096-b3d93380c75f', '2762d3ce-a0e3-40d1-9096-b3d93380c75f', '视频标题350', '标签1 标签2 标签3', '视频描述350', '3709', '700', '35', '770', '1358', '2013-06-24 23:22:00', 'C');
INSERT INTO `video` VALUES ('30630', '1', '1', '1.mkv', '2762d3ce-a0e3-40d1-9096-b3d93380c75f', '2762d3ce-a0e3-40d1-9096-b3d93380c75f', '视频标题351', '标签1 标签2 标签3', '视频描述351', '8410', '979', '694', '742', '2244', '2013-07-01 02:59:35', 'C');
INSERT INTO `video` VALUES ('30631', '1', '1', '1.mkv', '2762d3ce-a0e3-40d1-9096-b3d93380c75f', '2762d3ce-a0e3-40d1-9096-b3d93380c75f', '视频标题352', '标签1 标签2 标签3', '视频描述352', '2195', '173', '216', '605', '1246', '2013-07-11 15:23:42', 'C');
INSERT INTO `video` VALUES ('30632', '1', '1', '1.mkv', '2762d3ce-a0e3-40d1-9096-b3d93380c75f', '2762d3ce-a0e3-40d1-9096-b3d93380c75f', '视频标题353', '标签1 标签2 标签3', '视频描述353', '6949', '254', '347', '606', '1693', '2013-06-28 03:24:48', 'C');
INSERT INTO `video` VALUES ('30633', '1', '1', '1.mkv', '2762d3ce-a0e3-40d1-9096-b3d93380c75f', '2762d3ce-a0e3-40d1-9096-b3d93380c75f', '视频标题354', '标签1 标签2 标签3', '视频描述354', '7978', '245', '235', '177', '2918', '2013-07-28 01:21:20', 'C');
INSERT INTO `video` VALUES ('30634', '1', '1', '1.mkv', '2762d3ce-a0e3-40d1-9096-b3d93380c75f', '2762d3ce-a0e3-40d1-9096-b3d93380c75f', '视频标题355', '标签1 标签2 标签3', '视频描述355', '363', '476', '776', '518', '1102', '2013-06-21 00:03:56', 'C');
INSERT INTO `video` VALUES ('30635', '1', '1', '1.mkv', '2762d3ce-a0e3-40d1-9096-b3d93380c75f', '2762d3ce-a0e3-40d1-9096-b3d93380c75f', '视频标题356', '标签1 标签2 标签3', '视频描述356', '7173', '18', '410', '664', '2993', '2013-06-30 17:00:32', 'C');
INSERT INTO `video` VALUES ('30636', '1', '1', '1.mkv', '2762d3ce-a0e3-40d1-9096-b3d93380c75f', '2762d3ce-a0e3-40d1-9096-b3d93380c75f', '视频标题357', '标签1 标签2 标签3', '视频描述357', '7405', '799', '358', '360', '1095', '2013-06-15 00:02:32', 'C');
INSERT INTO `video` VALUES ('30637', '1', '1', '1.mkv', '2762d3ce-a0e3-40d1-9096-b3d93380c75f', '2762d3ce-a0e3-40d1-9096-b3d93380c75f', '视频标题358', '标签1 标签2 标签3', '视频描述358', '6879', '746', '410', '470', '1366', '2013-07-29 11:00:24', 'C');
INSERT INTO `video` VALUES ('30638', '1', '1', '1.mkv', '2762d3ce-a0e3-40d1-9096-b3d93380c75f', '2762d3ce-a0e3-40d1-9096-b3d93380c75f', '视频标题359', '标签1 标签2 标签3', '视频描述359', '5753', '894', '423', '572', '1588', '2013-06-23 23:58:24', 'C');
INSERT INTO `video` VALUES ('30639', '1', '1', '1.mkv', '2762d3ce-a0e3-40d1-9096-b3d93380c75f', '2762d3ce-a0e3-40d1-9096-b3d93380c75f', '视频标题360', '标签1 标签2 标签3', '视频描述360', '1949', '792', '758', '460', '2367', '2013-07-12 23:03:37', 'C');
INSERT INTO `video` VALUES ('30640', '1', '1', '1.mkv', '2762d3ce-a0e3-40d1-9096-b3d93380c75f', '2762d3ce-a0e3-40d1-9096-b3d93380c75f', '视频标题361', '标签1 标签2 标签3', '视频描述361', '7903', '672', '375', '793', '337', '2013-07-27 21:27:23', 'C');
INSERT INTO `video` VALUES ('30641', '1', '1', '1.mkv', '2762d3ce-a0e3-40d1-9096-b3d93380c75f', '2762d3ce-a0e3-40d1-9096-b3d93380c75f', '视频标题362', '标签1 标签2 标签3', '视频描述362', '345', '754', '874', '763', '311', '2013-07-02 16:06:31', 'C');
INSERT INTO `video` VALUES ('30642', '1', '1', '1.mkv', '2762d3ce-a0e3-40d1-9096-b3d93380c75f', '2762d3ce-a0e3-40d1-9096-b3d93380c75f', '视频标题363', '标签1 标签2 标签3', '视频描述363', '8456', '963', '6', '474', '2892', '2013-06-25 22:56:45', 'C');
INSERT INTO `video` VALUES ('30643', '1', '1', '1.mkv', '2762d3ce-a0e3-40d1-9096-b3d93380c75f', '2762d3ce-a0e3-40d1-9096-b3d93380c75f', '视频标题364', '标签1 标签2 标签3', '视频描述364', '2497', '785', '398', '491', '1467', '2013-07-24 04:11:35', 'C');
INSERT INTO `video` VALUES ('30644', '1', '1', '1.mkv', '2762d3ce-a0e3-40d1-9096-b3d93380c75f', '2762d3ce-a0e3-40d1-9096-b3d93380c75f', '视频标题365', '标签1 标签2 标签3', '视频描述365', '5390', '904', '826', '250', '2340', '2013-06-20 12:50:11', 'C');
INSERT INTO `video` VALUES ('30645', '1', '1', '1.mkv', '2762d3ce-a0e3-40d1-9096-b3d93380c75f', '2762d3ce-a0e3-40d1-9096-b3d93380c75f', '视频标题366', '标签1 标签2 标签3', '视频描述366', '6791', '331', '790', '246', '618', '2013-07-04 06:24:22', 'C');
INSERT INTO `video` VALUES ('30646', '1', '1', '1.mkv', '2762d3ce-a0e3-40d1-9096-b3d93380c75f', '2762d3ce-a0e3-40d1-9096-b3d93380c75f', '视频标题367', '标签1 标签2 标签3', '视频描述367', '5902', '630', '955', '150', '151', '2013-07-21 18:42:38', 'C');
INSERT INTO `video` VALUES ('30647', '1', '1', '1.mkv', '2762d3ce-a0e3-40d1-9096-b3d93380c75f', '2762d3ce-a0e3-40d1-9096-b3d93380c75f', '视频标题368', '标签1 标签2 标签3', '视频描述368', '3482', '889', '557', '684', '2799', '2013-07-24 02:29:40', 'C');
INSERT INTO `video` VALUES ('30648', '1', '1', '1.mkv', '2762d3ce-a0e3-40d1-9096-b3d93380c75f', '2762d3ce-a0e3-40d1-9096-b3d93380c75f', '视频标题369', '标签1 标签2 标签3', '视频描述369', '4977', '696', '446', '469', '673', '2013-07-01 03:40:21', 'C');
INSERT INTO `video` VALUES ('30649', '1', '1', '1.mkv', '2762d3ce-a0e3-40d1-9096-b3d93380c75f', '2762d3ce-a0e3-40d1-9096-b3d93380c75f', '视频标题370', '标签1 标签2 标签3', '视频描述370', '3179', '1', '113', '389', '115', '2013-07-11 01:32:46', 'C');
INSERT INTO `video` VALUES ('30650', '1', '1', '1.mkv', '2762d3ce-a0e3-40d1-9096-b3d93380c75f', '2762d3ce-a0e3-40d1-9096-b3d93380c75f', '视频标题371', '标签1 标签2 标签3', '视频描述371', '5250', '405', '427', '718', '1832', '2013-06-29 12:58:18', 'C');
INSERT INTO `video` VALUES ('30651', '1', '1', '1.mkv', '2762d3ce-a0e3-40d1-9096-b3d93380c75f', '2762d3ce-a0e3-40d1-9096-b3d93380c75f', '视频标题372', '标签1 标签2 标签3', '视频描述372', '18', '495', '202', '582', '2584', '2013-06-13 10:40:53', 'C');
INSERT INTO `video` VALUES ('30652', '1', '1', '1.mkv', '2762d3ce-a0e3-40d1-9096-b3d93380c75f', '2762d3ce-a0e3-40d1-9096-b3d93380c75f', '视频标题373', '标签1 标签2 标签3', '视频描述373', '3298', '451', '955', '247', '1963', '2013-07-24 03:48:25', 'C');
INSERT INTO `video` VALUES ('30653', '1', '1', '1.mkv', '2762d3ce-a0e3-40d1-9096-b3d93380c75f', '2762d3ce-a0e3-40d1-9096-b3d93380c75f', '视频标题374', '标签1 标签2 标签3', '视频描述374', '3863', '701', '155', '746', '833', '2013-06-15 16:19:04', 'C');
INSERT INTO `video` VALUES ('30654', '1', '1', '1.mkv', '2762d3ce-a0e3-40d1-9096-b3d93380c75f', '2762d3ce-a0e3-40d1-9096-b3d93380c75f', '视频标题375', '标签1 标签2 标签3', '视频描述375', '8783', '832', '234', '638', '1314', '2013-07-02 19:34:21', 'C');
INSERT INTO `video` VALUES ('30655', '1', '1', '1.mkv', '2762d3ce-a0e3-40d1-9096-b3d93380c75f', '2762d3ce-a0e3-40d1-9096-b3d93380c75f', '视频标题376', '标签1 标签2 标签3', '视频描述376', '2405', '51', '10', '733', '1919', '2013-07-15 20:30:15', 'C');
INSERT INTO `video` VALUES ('30656', '1', '1', '1.mkv', '2762d3ce-a0e3-40d1-9096-b3d93380c75f', '2762d3ce-a0e3-40d1-9096-b3d93380c75f', '视频标题377', '标签1 标签2 标签3', '视频描述377', '234', '814', '195', '638', '65', '2013-06-20 07:16:59', 'C');
INSERT INTO `video` VALUES ('30657', '1', '1', '1.mkv', '2762d3ce-a0e3-40d1-9096-b3d93380c75f', '2762d3ce-a0e3-40d1-9096-b3d93380c75f', '视频标题378', '标签1 标签2 标签3', '视频描述378', '6321', '21', '340', '862', '2413', '2013-07-14 00:28:12', 'C');
INSERT INTO `video` VALUES ('30658', '1', '1', '1.mkv', '2762d3ce-a0e3-40d1-9096-b3d93380c75f', '2762d3ce-a0e3-40d1-9096-b3d93380c75f', '视频标题379', '标签1 标签2 标签3', '视频描述379', '5727', '922', '105', '559', '2389', '2013-07-07 05:02:38', 'C');
INSERT INTO `video` VALUES ('30659', '1', '1', '1.mkv', '2762d3ce-a0e3-40d1-9096-b3d93380c75f', '2762d3ce-a0e3-40d1-9096-b3d93380c75f', '视频标题380', '标签1 标签2 标签3', '视频描述380', '5713', '24', '458', '762', '1379', '2013-06-18 14:55:45', 'C');
INSERT INTO `video` VALUES ('30660', '1', '1', '1.mkv', '2762d3ce-a0e3-40d1-9096-b3d93380c75f', '2762d3ce-a0e3-40d1-9096-b3d93380c75f', '视频标题381', '标签1 标签2 标签3', '视频描述381', '4455', '856', '50', '899', '1073', '2013-06-14 01:57:49', 'C');
INSERT INTO `video` VALUES ('30661', '1', '1', '1.mkv', '2762d3ce-a0e3-40d1-9096-b3d93380c75f', '2762d3ce-a0e3-40d1-9096-b3d93380c75f', '视频标题382', '标签1 标签2 标签3', '视频描述382', '9248', '337', '919', '552', '79', '2013-07-12 11:28:03', 'C');
INSERT INTO `video` VALUES ('30662', '1', '1', '1.mkv', '2762d3ce-a0e3-40d1-9096-b3d93380c75f', '2762d3ce-a0e3-40d1-9096-b3d93380c75f', '视频标题383', '标签1 标签2 标签3', '视频描述383', '2449', '582', '662', '232', '674', '2013-06-13 00:46:55', 'C');
INSERT INTO `video` VALUES ('30663', '1', '1', '1.mkv', '2762d3ce-a0e3-40d1-9096-b3d93380c75f', '2762d3ce-a0e3-40d1-9096-b3d93380c75f', '视频标题384', '标签1 标签2 标签3', '视频描述384', '6038', '875', '331', '910', '2688', '2013-07-02 00:54:25', 'C');
INSERT INTO `video` VALUES ('30664', '1', '1', '1.mkv', '2762d3ce-a0e3-40d1-9096-b3d93380c75f', '2762d3ce-a0e3-40d1-9096-b3d93380c75f', '视频标题385', '标签1 标签2 标签3', '视频描述385', '1655', '786', '14', '359', '86', '2013-06-13 18:28:34', 'C');
INSERT INTO `video` VALUES ('30665', '1', '1', '1.mkv', '2762d3ce-a0e3-40d1-9096-b3d93380c75f', '2762d3ce-a0e3-40d1-9096-b3d93380c75f', '视频标题386', '标签1 标签2 标签3', '视频描述386', '4556', '650', '193', '582', '2605', '2013-07-17 08:41:02', 'C');
INSERT INTO `video` VALUES ('30666', '1', '1', '1.mkv', '2762d3ce-a0e3-40d1-9096-b3d93380c75f', '2762d3ce-a0e3-40d1-9096-b3d93380c75f', '视频标题387', '标签1 标签2 标签3', '视频描述387', '7332', '177', '432', '400', '1516', '2013-06-17 18:01:26', 'C');
INSERT INTO `video` VALUES ('30667', '1', '1', '1.mkv', '2762d3ce-a0e3-40d1-9096-b3d93380c75f', '2762d3ce-a0e3-40d1-9096-b3d93380c75f', '视频标题388', '标签1 标签2 标签3', '视频描述388', '2694', '528', '316', '125', '883', '2013-06-11 14:31:13', 'C');
INSERT INTO `video` VALUES ('30668', '1', '1', '1.mkv', '2762d3ce-a0e3-40d1-9096-b3d93380c75f', '2762d3ce-a0e3-40d1-9096-b3d93380c75f', '视频标题389', '标签1 标签2 标签3', '视频描述389', '6538', '735', '327', '744', '2580', '2013-07-02 07:28:05', 'C');
INSERT INTO `video` VALUES ('30669', '1', '1', '1.mkv', '2762d3ce-a0e3-40d1-9096-b3d93380c75f', '2762d3ce-a0e3-40d1-9096-b3d93380c75f', '视频标题390', '标签1 标签2 标签3', '视频描述390', '1251', '540', '937', '545', '37', '2013-07-06 05:35:16', 'C');
INSERT INTO `video` VALUES ('30670', '1', '1', '1.mkv', '2762d3ce-a0e3-40d1-9096-b3d93380c75f', '2762d3ce-a0e3-40d1-9096-b3d93380c75f', '视频标题391', '标签1 标签2 标签3', '视频描述391', '2810', '645', '201', '329', '2918', '2013-06-25 09:53:22', 'C');
INSERT INTO `video` VALUES ('30671', '1', '1', '1.mkv', '2762d3ce-a0e3-40d1-9096-b3d93380c75f', '2762d3ce-a0e3-40d1-9096-b3d93380c75f', '视频标题392', '标签1 标签2 标签3', '视频描述392', '8934', '834', '885', '694', '1292', '2013-06-19 20:13:59', 'C');
INSERT INTO `video` VALUES ('30672', '1', '1', '1.mkv', '2762d3ce-a0e3-40d1-9096-b3d93380c75f', '2762d3ce-a0e3-40d1-9096-b3d93380c75f', '视频标题393', '标签1 标签2 标签3', '视频描述393', '4981', '91', '105', '44', '2127', '2013-07-10 13:26:34', 'C');
INSERT INTO `video` VALUES ('30673', '1', '1', '1.mkv', '2762d3ce-a0e3-40d1-9096-b3d93380c75f', '2762d3ce-a0e3-40d1-9096-b3d93380c75f', '视频标题394', '标签1 标签2 标签3', '视频描述394', '7919', '403', '702', '236', '1646', '2013-07-16 23:27:41', 'C');
INSERT INTO `video` VALUES ('30674', '1', '1', '1.mkv', '2762d3ce-a0e3-40d1-9096-b3d93380c75f', '2762d3ce-a0e3-40d1-9096-b3d93380c75f', '视频标题395', '标签1 标签2 标签3', '视频描述395', '2006', '875', '187', '501', '640', '2013-07-08 12:34:44', 'C');
INSERT INTO `video` VALUES ('30675', '1', '1', '1.mkv', '2762d3ce-a0e3-40d1-9096-b3d93380c75f', '2762d3ce-a0e3-40d1-9096-b3d93380c75f', '视频标题396', '标签1 标签2 标签3', '视频描述396', '7052', '235', '959', '815', '1843', '2013-06-19 21:47:41', 'C');
INSERT INTO `video` VALUES ('30676', '1', '1', '1.mkv', '2762d3ce-a0e3-40d1-9096-b3d93380c75f', '2762d3ce-a0e3-40d1-9096-b3d93380c75f', '视频标题397', '标签1 标签2 标签3', '视频描述397', '7355', '998', '502', '107', '1080', '2013-07-07 11:35:06', 'C');
INSERT INTO `video` VALUES ('30677', '1', '1', '1.mkv', '2762d3ce-a0e3-40d1-9096-b3d93380c75f', '2762d3ce-a0e3-40d1-9096-b3d93380c75f', '视频标题398', '标签1 标签2 标签3', '视频描述398', '7025', '792', '500', '365', '755', '2013-07-16 08:30:38', 'C');
INSERT INTO `video` VALUES ('30678', '1', '1', '1.mkv', '2762d3ce-a0e3-40d1-9096-b3d93380c75f', '2762d3ce-a0e3-40d1-9096-b3d93380c75f', '视频标题399', '标签1 标签2 标签3', '视频描述399', '7327', '39', '380', '363', '434', '2013-07-05 18:59:10', 'C');
INSERT INTO `video` VALUES ('30679', '1', '1', '1.mkv', '2762d3ce-a0e3-40d1-9096-b3d93380c75f', '2762d3ce-a0e3-40d1-9096-b3d93380c75f', '视频标题400', '标签1 标签2 标签3', '视频描述400', '7344', '518', '861', '205', '1028', '2013-07-15 14:46:31', 'C');
INSERT INTO `video` VALUES ('30680', '1', '1', '1.mkv', '2762d3ce-a0e3-40d1-9096-b3d93380c75f', '2762d3ce-a0e3-40d1-9096-b3d93380c75f', '视频标题401', '标签1 标签2 标签3', '视频描述401', '4865', '201', '277', '928', '2177', '2013-07-08 06:09:27', 'C');
INSERT INTO `video` VALUES ('30681', '1', '1', '1.mkv', '2762d3ce-a0e3-40d1-9096-b3d93380c75f', '2762d3ce-a0e3-40d1-9096-b3d93380c75f', '视频标题402', '标签1 标签2 标签3', '视频描述402', '9323', '404', '800', '673', '1553', '2013-06-23 15:01:50', 'C');
INSERT INTO `video` VALUES ('30682', '1', '1', '1.mkv', '2762d3ce-a0e3-40d1-9096-b3d93380c75f', '2762d3ce-a0e3-40d1-9096-b3d93380c75f', '视频标题403', '标签1 标签2 标签3', '视频描述403', '4332', '254', '474', '233', '567', '2013-07-15 22:48:23', 'C');
INSERT INTO `video` VALUES ('30683', '1', '1', '1.mkv', '2762d3ce-a0e3-40d1-9096-b3d93380c75f', '2762d3ce-a0e3-40d1-9096-b3d93380c75f', '视频标题404', '标签1 标签2 标签3', '视频描述404', '9052', '218', '911', '953', '2149', '2013-07-24 02:13:30', 'C');
INSERT INTO `video` VALUES ('30684', '1', '1', '1.mkv', '2762d3ce-a0e3-40d1-9096-b3d93380c75f', '2762d3ce-a0e3-40d1-9096-b3d93380c75f', '视频标题405', '标签1 标签2 标签3', '视频描述405', '4019', '870', '823', '846', '2877', '2013-06-16 14:34:22', 'C');
INSERT INTO `video` VALUES ('30685', '1', '1', '1.mkv', '2762d3ce-a0e3-40d1-9096-b3d93380c75f', '2762d3ce-a0e3-40d1-9096-b3d93380c75f', '视频标题406', '标签1 标签2 标签3', '视频描述406', '3134', '235', '368', '722', '2693', '2013-06-20 17:41:26', 'C');
INSERT INTO `video` VALUES ('30686', '1', '1', '1.mkv', '2762d3ce-a0e3-40d1-9096-b3d93380c75f', '2762d3ce-a0e3-40d1-9096-b3d93380c75f', '视频标题407', '标签1 标签2 标签3', '视频描述407', '4887', '937', '920', '321', '92', '2013-06-21 18:47:36', 'C');
INSERT INTO `video` VALUES ('30687', '1', '1', '1.mkv', '2762d3ce-a0e3-40d1-9096-b3d93380c75f', '2762d3ce-a0e3-40d1-9096-b3d93380c75f', '视频标题408', '标签1 标签2 标签3', '视频描述408', '5885', '281', '970', '994', '227', '2013-06-18 06:02:48', 'C');
INSERT INTO `video` VALUES ('30688', '1', '1', '1.mkv', '2762d3ce-a0e3-40d1-9096-b3d93380c75f', '2762d3ce-a0e3-40d1-9096-b3d93380c75f', '视频标题409', '标签1 标签2 标签3', '视频描述409', '5274', '651', '709', '158', '2761', '2013-06-17 16:12:35', 'C');
INSERT INTO `video` VALUES ('30689', '1', '1', '1.mkv', '2762d3ce-a0e3-40d1-9096-b3d93380c75f', '2762d3ce-a0e3-40d1-9096-b3d93380c75f', '视频标题410', '标签1 标签2 标签3', '视频描述410', '9376', '569', '252', '762', '1311', '2013-07-12 02:37:21', 'C');
INSERT INTO `video` VALUES ('30690', '1', '1', '1.mkv', '2762d3ce-a0e3-40d1-9096-b3d93380c75f', '2762d3ce-a0e3-40d1-9096-b3d93380c75f', '视频标题411', '标签1 标签2 标签3', '视频描述411', '9370', '674', '745', '727', '943', '2013-07-22 14:49:36', 'C');
INSERT INTO `video` VALUES ('30691', '1', '1', '1.mkv', '2762d3ce-a0e3-40d1-9096-b3d93380c75f', '2762d3ce-a0e3-40d1-9096-b3d93380c75f', '视频标题412', '标签1 标签2 标签3', '视频描述412', '5584', '564', '249', '904', '2409', '2013-07-05 19:36:02', 'C');
INSERT INTO `video` VALUES ('30692', '1', '1', '1.mkv', '2762d3ce-a0e3-40d1-9096-b3d93380c75f', '2762d3ce-a0e3-40d1-9096-b3d93380c75f', '视频标题413', '标签1 标签2 标签3', '视频描述413', '2451', '502', '716', '311', '1998', '2013-07-26 06:48:51', 'C');
INSERT INTO `video` VALUES ('30693', '1', '1', '1.mkv', '2762d3ce-a0e3-40d1-9096-b3d93380c75f', '2762d3ce-a0e3-40d1-9096-b3d93380c75f', '视频标题414', '标签1 标签2 标签3', '视频描述414', '281', '686', '712', '880', '314', '2013-06-20 06:53:48', 'C');
INSERT INTO `video` VALUES ('30694', '1', '1', '1.mkv', '2762d3ce-a0e3-40d1-9096-b3d93380c75f', '2762d3ce-a0e3-40d1-9096-b3d93380c75f', '视频标题415', '标签1 标签2 标签3', '视频描述415', '1829', '388', '952', '368', '1857', '2013-06-20 08:19:47', 'C');
INSERT INTO `video` VALUES ('30695', '1', '1', '1.mkv', '2762d3ce-a0e3-40d1-9096-b3d93380c75f', '2762d3ce-a0e3-40d1-9096-b3d93380c75f', '视频标题416', '标签1 标签2 标签3', '视频描述416', '4934', '303', '456', '133', '1673', '2013-06-24 09:19:16', 'C');
INSERT INTO `video` VALUES ('30696', '1', '1', '1.mkv', '2762d3ce-a0e3-40d1-9096-b3d93380c75f', '2762d3ce-a0e3-40d1-9096-b3d93380c75f', '视频标题417', '标签1 标签2 标签3', '视频描述417', '6717', '176', '785', '907', '2533', '2013-06-21 01:44:58', 'C');
INSERT INTO `video` VALUES ('30697', '1', '1', '1.mkv', '2762d3ce-a0e3-40d1-9096-b3d93380c75f', '2762d3ce-a0e3-40d1-9096-b3d93380c75f', '视频标题418', '标签1 标签2 标签3', '视频描述418', '3746', '44', '968', '361', '234', '2013-07-19 12:57:57', 'C');
INSERT INTO `video` VALUES ('30698', '1', '1', '1.mkv', '2762d3ce-a0e3-40d1-9096-b3d93380c75f', '2762d3ce-a0e3-40d1-9096-b3d93380c75f', '视频标题419', '标签1 标签2 标签3', '视频描述419', '9591', '774', '239', '963', '1013', '2013-07-08 08:54:55', 'C');
INSERT INTO `video` VALUES ('30699', '1', '1', '1.mkv', '2762d3ce-a0e3-40d1-9096-b3d93380c75f', '2762d3ce-a0e3-40d1-9096-b3d93380c75f', '视频标题420', '标签1 标签2 标签3', '视频描述420', '6065', '105', '76', '782', '2345', '2013-07-01 15:42:39', 'C');
INSERT INTO `video` VALUES ('30700', '1', '1', '1.mkv', '2762d3ce-a0e3-40d1-9096-b3d93380c75f', '2762d3ce-a0e3-40d1-9096-b3d93380c75f', '视频标题421', '标签1 标签2 标签3', '视频描述421', '5048', '661', '598', '879', '2154', '2013-06-26 20:58:08', 'C');
INSERT INTO `video` VALUES ('30701', '1', '1', '1.mkv', '2762d3ce-a0e3-40d1-9096-b3d93380c75f', '2762d3ce-a0e3-40d1-9096-b3d93380c75f', '视频标题422', '标签1 标签2 标签3', '视频描述422', '8581', '6', '323', '54', '140', '2013-07-13 07:55:13', 'C');
INSERT INTO `video` VALUES ('30702', '1', '1', '1.mkv', '2762d3ce-a0e3-40d1-9096-b3d93380c75f', '2762d3ce-a0e3-40d1-9096-b3d93380c75f', '视频标题423', '标签1 标签2 标签3', '视频描述423', '6289', '328', '413', '626', '2231', '2013-06-16 19:37:45', 'C');
INSERT INTO `video` VALUES ('30703', '1', '1', '1.mkv', '2762d3ce-a0e3-40d1-9096-b3d93380c75f', '2762d3ce-a0e3-40d1-9096-b3d93380c75f', '视频标题424', '标签1 标签2 标签3', '视频描述424', '3701', '395', '654', '742', '2848', '2013-07-17 00:05:42', 'C');
INSERT INTO `video` VALUES ('30704', '1', '1', '1.mkv', '2762d3ce-a0e3-40d1-9096-b3d93380c75f', '2762d3ce-a0e3-40d1-9096-b3d93380c75f', '视频标题425', '标签1 标签2 标签3', '视频描述425', '5847', '417', '755', '329', '27', '2013-07-24 06:59:59', 'C');
INSERT INTO `video` VALUES ('30705', '1', '1', '1.mkv', '2762d3ce-a0e3-40d1-9096-b3d93380c75f', '2762d3ce-a0e3-40d1-9096-b3d93380c75f', '视频标题426', '标签1 标签2 标签3', '视频描述426', '5808', '529', '826', '59', '1827', '2013-07-18 15:51:22', 'C');
INSERT INTO `video` VALUES ('30706', '1', '1', '1.mkv', '2762d3ce-a0e3-40d1-9096-b3d93380c75f', '2762d3ce-a0e3-40d1-9096-b3d93380c75f', '视频标题427', '标签1 标签2 标签3', '视频描述427', '5479', '883', '286', '241', '415', '2013-07-23 08:36:16', 'C');
INSERT INTO `video` VALUES ('30707', '1', '1', '1.mkv', '2762d3ce-a0e3-40d1-9096-b3d93380c75f', '2762d3ce-a0e3-40d1-9096-b3d93380c75f', '视频标题428', '标签1 标签2 标签3', '视频描述428', '1960', '279', '605', '656', '2431', '2013-06-11 11:59:42', 'C');
INSERT INTO `video` VALUES ('30708', '1', '1', '1.mkv', '2762d3ce-a0e3-40d1-9096-b3d93380c75f', '2762d3ce-a0e3-40d1-9096-b3d93380c75f', '视频标题429', '标签1 标签2 标签3', '视频描述429', '942', '979', '639', '570', '1671', '2013-07-23 03:52:43', 'C');
INSERT INTO `video` VALUES ('30709', '1', '1', '1.mkv', '2762d3ce-a0e3-40d1-9096-b3d93380c75f', '2762d3ce-a0e3-40d1-9096-b3d93380c75f', '视频标题430', '标签1 标签2 标签3', '视频描述430', '5890', '6', '319', '861', '1086', '2013-07-25 01:14:14', 'C');
INSERT INTO `video` VALUES ('30710', '1', '1', '1.mkv', '2762d3ce-a0e3-40d1-9096-b3d93380c75f', '2762d3ce-a0e3-40d1-9096-b3d93380c75f', '视频标题431', '标签1 标签2 标签3', '视频描述431', '2511', '595', '744', '700', '1556', '2013-07-02 21:11:35', 'C');
INSERT INTO `video` VALUES ('30711', '1', '1', '1.mkv', '2762d3ce-a0e3-40d1-9096-b3d93380c75f', '2762d3ce-a0e3-40d1-9096-b3d93380c75f', '视频标题432', '标签1 标签2 标签3', '视频描述432', '2835', '729', '176', '396', '153', '2013-06-25 00:54:16', 'C');
INSERT INTO `video` VALUES ('30712', '1', '1', '1.mkv', '2762d3ce-a0e3-40d1-9096-b3d93380c75f', '2762d3ce-a0e3-40d1-9096-b3d93380c75f', '视频标题433', '标签1 标签2 标签3', '视频描述433', '9413', '572', '557', '916', '1543', '2013-06-11 16:23:32', 'C');
INSERT INTO `video` VALUES ('30713', '1', '1', '1.mkv', '2762d3ce-a0e3-40d1-9096-b3d93380c75f', '2762d3ce-a0e3-40d1-9096-b3d93380c75f', '视频标题434', '标签1 标签2 标签3', '视频描述434', '4365', '341', '711', '770', '708', '2013-06-17 05:58:20', 'C');
INSERT INTO `video` VALUES ('30714', '1', '1', '1.mkv', '2762d3ce-a0e3-40d1-9096-b3d93380c75f', '2762d3ce-a0e3-40d1-9096-b3d93380c75f', '视频标题435', '标签1 标签2 标签3', '视频描述435', '9152', '887', '873', '332', '2034', '2013-07-24 02:02:24', 'C');
INSERT INTO `video` VALUES ('30715', '1', '1', '1.mkv', '2762d3ce-a0e3-40d1-9096-b3d93380c75f', '2762d3ce-a0e3-40d1-9096-b3d93380c75f', '视频标题436', '标签1 标签2 标签3', '视频描述436', '6095', '265', '930', '847', '2700', '2013-06-28 01:56:03', 'C');
INSERT INTO `video` VALUES ('30716', '1', '1', '1.mkv', '2762d3ce-a0e3-40d1-9096-b3d93380c75f', '2762d3ce-a0e3-40d1-9096-b3d93380c75f', '视频标题437', '标签1 标签2 标签3', '视频描述437', '7220', '735', '992', '580', '2929', '2013-06-19 09:59:40', 'C');
INSERT INTO `video` VALUES ('30717', '1', '1', '1.mkv', '2762d3ce-a0e3-40d1-9096-b3d93380c75f', '2762d3ce-a0e3-40d1-9096-b3d93380c75f', '视频标题438', '标签1 标签2 标签3', '视频描述438', '3748', '801', '920', '683', '1033', '2013-07-29 01:35:51', 'C');
INSERT INTO `video` VALUES ('30718', '1', '1', '1.mkv', '2762d3ce-a0e3-40d1-9096-b3d93380c75f', '2762d3ce-a0e3-40d1-9096-b3d93380c75f', '视频标题439', '标签1 标签2 标签3', '视频描述439', '2905', '981', '338', '137', '1693', '2013-06-12 21:54:05', 'C');
INSERT INTO `video` VALUES ('30719', '1', '1', '1.mkv', '2762d3ce-a0e3-40d1-9096-b3d93380c75f', '2762d3ce-a0e3-40d1-9096-b3d93380c75f', '视频标题440', '标签1 标签2 标签3', '视频描述440', '4426', '477', '396', '719', '2438', '2013-06-25 20:35:45', 'C');
INSERT INTO `video` VALUES ('30720', '1', '1', '1.mkv', '2762d3ce-a0e3-40d1-9096-b3d93380c75f', '2762d3ce-a0e3-40d1-9096-b3d93380c75f', '视频标题441', '标签1 标签2 标签3', '视频描述441', '5334', '41', '720', '128', '320', '2013-07-17 14:31:49', 'C');
INSERT INTO `video` VALUES ('30721', '1', '1', '1.mkv', '2762d3ce-a0e3-40d1-9096-b3d93380c75f', '2762d3ce-a0e3-40d1-9096-b3d93380c75f', '视频标题442', '标签1 标签2 标签3', '视频描述442', '7339', '497', '516', '548', '494', '2013-06-25 20:51:43', 'C');
INSERT INTO `video` VALUES ('30722', '1', '1', '1.mkv', '2762d3ce-a0e3-40d1-9096-b3d93380c75f', '2762d3ce-a0e3-40d1-9096-b3d93380c75f', '视频标题443', '标签1 标签2 标签3', '视频描述443', '4568', '273', '312', '655', '2228', '2013-07-05 00:35:26', 'C');
INSERT INTO `video` VALUES ('30723', '1', '1', '1.mkv', '2762d3ce-a0e3-40d1-9096-b3d93380c75f', '2762d3ce-a0e3-40d1-9096-b3d93380c75f', '视频标题444', '标签1 标签2 标签3', '视频描述444', '7264', '249', '887', '587', '2354', '2013-06-11 13:07:32', 'C');
INSERT INTO `video` VALUES ('30724', '1', '1', '1.mkv', '2762d3ce-a0e3-40d1-9096-b3d93380c75f', '2762d3ce-a0e3-40d1-9096-b3d93380c75f', '视频标题445', '标签1 标签2 标签3', '视频描述445', '5927', '345', '91', '801', '1822', '2013-06-22 21:16:44', 'C');
INSERT INTO `video` VALUES ('30725', '1', '1', '1.mkv', '2762d3ce-a0e3-40d1-9096-b3d93380c75f', '2762d3ce-a0e3-40d1-9096-b3d93380c75f', '视频标题446', '标签1 标签2 标签3', '视频描述446', '9995', '788', '621', '873', '1029', '2013-07-05 18:15:36', 'C');
INSERT INTO `video` VALUES ('30726', '1', '1', '1.mkv', '2762d3ce-a0e3-40d1-9096-b3d93380c75f', '2762d3ce-a0e3-40d1-9096-b3d93380c75f', '视频标题447', '标签1 标签2 标签3', '视频描述447', '4008', '407', '30', '956', '2240', '2013-07-10 02:43:29', 'C');
INSERT INTO `video` VALUES ('30727', '1', '1', '1.mkv', '2762d3ce-a0e3-40d1-9096-b3d93380c75f', '2762d3ce-a0e3-40d1-9096-b3d93380c75f', '视频标题448', '标签1 标签2 标签3', '视频描述448', '1427', '578', '255', '197', '177', '2013-07-11 10:40:03', 'C');
INSERT INTO `video` VALUES ('30728', '1', '1', '1.mkv', '2762d3ce-a0e3-40d1-9096-b3d93380c75f', '2762d3ce-a0e3-40d1-9096-b3d93380c75f', '视频标题449', '标签1 标签2 标签3', '视频描述449', '3063', '200', '526', '713', '443', '2013-07-16 07:15:38', 'C');
INSERT INTO `video` VALUES ('30729', '1', '1', '1.mkv', '2762d3ce-a0e3-40d1-9096-b3d93380c75f', '2762d3ce-a0e3-40d1-9096-b3d93380c75f', '视频标题450', '标签1 标签2 标签3', '视频描述450', '5866', '411', '135', '224', '1275', '2013-07-19 06:52:55', 'C');
INSERT INTO `video` VALUES ('30730', '1', '1', '1.mkv', '2762d3ce-a0e3-40d1-9096-b3d93380c75f', '2762d3ce-a0e3-40d1-9096-b3d93380c75f', '视频标题451', '标签1 标签2 标签3', '视频描述451', '9380', '563', '437', '246', '106', '2013-06-11 16:30:55', 'C');
INSERT INTO `video` VALUES ('30731', '1', '1', '1.mkv', '2762d3ce-a0e3-40d1-9096-b3d93380c75f', '2762d3ce-a0e3-40d1-9096-b3d93380c75f', '视频标题452', '标签1 标签2 标签3', '视频描述452', '8820', '589', '555', '250', '778', '2013-07-20 19:17:35', 'C');
INSERT INTO `video` VALUES ('30732', '1', '1', '1.mkv', '2762d3ce-a0e3-40d1-9096-b3d93380c75f', '2762d3ce-a0e3-40d1-9096-b3d93380c75f', '视频标题453', '标签1 标签2 标签3', '视频描述453', '2229', '648', '713', '844', '1275', '2013-07-18 11:52:33', 'C');
INSERT INTO `video` VALUES ('30733', '1', '1', '1.mkv', '2762d3ce-a0e3-40d1-9096-b3d93380c75f', '2762d3ce-a0e3-40d1-9096-b3d93380c75f', '视频标题454', '标签1 标签2 标签3', '视频描述454', '8646', '457', '586', '741', '989', '2013-07-26 17:47:25', 'C');
INSERT INTO `video` VALUES ('30734', '1', '1', '1.mkv', '2762d3ce-a0e3-40d1-9096-b3d93380c75f', '2762d3ce-a0e3-40d1-9096-b3d93380c75f', '视频标题455', '标签1 标签2 标签3', '视频描述455', '478', '38', '452', '904', '2081', '2013-07-29 09:04:01', 'C');
INSERT INTO `video` VALUES ('30735', '1', '1', '1.mkv', '2762d3ce-a0e3-40d1-9096-b3d93380c75f', '2762d3ce-a0e3-40d1-9096-b3d93380c75f', '视频标题456', '标签1 标签2 标签3', '视频描述456', '4168', '707', '96', '479', '491', '2013-07-20 01:05:29', 'C');
INSERT INTO `video` VALUES ('30736', '1', '1', '1.mkv', '2762d3ce-a0e3-40d1-9096-b3d93380c75f', '2762d3ce-a0e3-40d1-9096-b3d93380c75f', '视频标题457', '标签1 标签2 标签3', '视频描述457', '6773', '39', '695', '145', '1269', '2013-06-10 23:49:59', 'C');
INSERT INTO `video` VALUES ('30737', '1', '1', '1.mkv', '2762d3ce-a0e3-40d1-9096-b3d93380c75f', '2762d3ce-a0e3-40d1-9096-b3d93380c75f', '视频标题458', '标签1 标签2 标签3', '视频描述458', '6956', '444', '678', '136', '1772', '2013-07-18 01:37:58', 'C');
INSERT INTO `video` VALUES ('30738', '1', '1', '1.mkv', '2762d3ce-a0e3-40d1-9096-b3d93380c75f', '2762d3ce-a0e3-40d1-9096-b3d93380c75f', '视频标题459', '标签1 标签2 标签3', '视频描述459', '9819', '786', '729', '573', '1658', '2013-07-14 20:50:36', 'C');
INSERT INTO `video` VALUES ('30739', '1', '1', '1.mkv', '2762d3ce-a0e3-40d1-9096-b3d93380c75f', '2762d3ce-a0e3-40d1-9096-b3d93380c75f', '视频标题460', '标签1 标签2 标签3', '视频描述460', '8965', '862', '434', '988', '2517', '2013-07-02 10:22:23', 'C');
INSERT INTO `video` VALUES ('30740', '1', '1', '1.mkv', '2762d3ce-a0e3-40d1-9096-b3d93380c75f', '2762d3ce-a0e3-40d1-9096-b3d93380c75f', '视频标题461', '标签1 标签2 标签3', '视频描述461', '3211', '412', '876', '264', '1367', '2013-07-27 23:19:31', 'C');
INSERT INTO `video` VALUES ('30741', '1', '1', '1.mkv', '2762d3ce-a0e3-40d1-9096-b3d93380c75f', '2762d3ce-a0e3-40d1-9096-b3d93380c75f', '视频标题462', '标签1 标签2 标签3', '视频描述462', '1835', '948', '550', '39', '1162', '2013-06-27 05:17:06', 'C');
INSERT INTO `video` VALUES ('30742', '1', '1', '1.mkv', '2762d3ce-a0e3-40d1-9096-b3d93380c75f', '2762d3ce-a0e3-40d1-9096-b3d93380c75f', '视频标题463', '标签1 标签2 标签3', '视频描述463', '5948', '611', '295', '162', '855', '2013-06-11 02:55:59', 'C');
INSERT INTO `video` VALUES ('30743', '1', '1', '1.mkv', '2762d3ce-a0e3-40d1-9096-b3d93380c75f', '2762d3ce-a0e3-40d1-9096-b3d93380c75f', '视频标题464', '标签1 标签2 标签3', '视频描述464', '9827', '875', '212', '868', '429', '2013-06-28 03:53:23', 'C');
INSERT INTO `video` VALUES ('30744', '1', '1', '1.mkv', '2762d3ce-a0e3-40d1-9096-b3d93380c75f', '2762d3ce-a0e3-40d1-9096-b3d93380c75f', '视频标题465', '标签1 标签2 标签3', '视频描述465', '7117', '776', '534', '124', '1020', '2013-07-18 19:57:19', 'C');
INSERT INTO `video` VALUES ('30745', '1', '1', '1.mkv', '2762d3ce-a0e3-40d1-9096-b3d93380c75f', '2762d3ce-a0e3-40d1-9096-b3d93380c75f', '视频标题466', '标签1 标签2 标签3', '视频描述466', '5411', '802', '470', '41', '1540', '2013-07-09 09:22:51', 'C');
INSERT INTO `video` VALUES ('30746', '1', '1', '1.mkv', '2762d3ce-a0e3-40d1-9096-b3d93380c75f', '2762d3ce-a0e3-40d1-9096-b3d93380c75f', '视频标题467', '标签1 标签2 标签3', '视频描述467', '5854', '879', '638', '791', '2914', '2013-07-05 22:55:58', 'C');
INSERT INTO `video` VALUES ('30747', '1', '1', '1.mkv', '2762d3ce-a0e3-40d1-9096-b3d93380c75f', '2762d3ce-a0e3-40d1-9096-b3d93380c75f', '视频标题468', '标签1 标签2 标签3', '视频描述468', '7451', '721', '219', '817', '1574', '2013-06-30 19:54:56', 'C');
INSERT INTO `video` VALUES ('30748', '1', '1', '1.mkv', '2762d3ce-a0e3-40d1-9096-b3d93380c75f', '2762d3ce-a0e3-40d1-9096-b3d93380c75f', '视频标题469', '标签1 标签2 标签3', '视频描述469', '9910', '85', '22', '385', '183', '2013-07-03 19:18:06', 'C');
INSERT INTO `video` VALUES ('30749', '1', '1', '1.mkv', '2762d3ce-a0e3-40d1-9096-b3d93380c75f', '2762d3ce-a0e3-40d1-9096-b3d93380c75f', '视频标题470', '标签1 标签2 标签3', '视频描述470', '3353', '209', '181', '950', '2894', '2013-07-06 18:04:23', 'C');
INSERT INTO `video` VALUES ('30750', '1', '1', '1.mkv', '2762d3ce-a0e3-40d1-9096-b3d93380c75f', '2762d3ce-a0e3-40d1-9096-b3d93380c75f', '视频标题471', '标签1 标签2 标签3', '视频描述471', '4041', '477', '479', '685', '79', '2013-06-25 05:41:08', 'C');
INSERT INTO `video` VALUES ('30751', '1', '1', '1.mkv', '2762d3ce-a0e3-40d1-9096-b3d93380c75f', '2762d3ce-a0e3-40d1-9096-b3d93380c75f', '视频标题472', '标签1 标签2 标签3', '视频描述472', '700', '40', '935', '707', '1457', '2013-07-02 15:53:37', 'C');
INSERT INTO `video` VALUES ('30752', '1', '1', '1.mkv', '2762d3ce-a0e3-40d1-9096-b3d93380c75f', '2762d3ce-a0e3-40d1-9096-b3d93380c75f', '视频标题473', '标签1 标签2 标签3', '视频描述473', '814', '329', '461', '198', '781', '2013-07-27 13:37:05', 'C');
INSERT INTO `video` VALUES ('30753', '1', '1', '1.mkv', '2762d3ce-a0e3-40d1-9096-b3d93380c75f', '2762d3ce-a0e3-40d1-9096-b3d93380c75f', '视频标题474', '标签1 标签2 标签3', '视频描述474', '5936', '670', '876', '475', '1034', '2013-06-12 18:50:18', 'C');
INSERT INTO `video` VALUES ('30754', '1', '1', '1.mkv', '2762d3ce-a0e3-40d1-9096-b3d93380c75f', '2762d3ce-a0e3-40d1-9096-b3d93380c75f', '视频标题475', '标签1 标签2 标签3', '视频描述475', '1495', '337', '502', '544', '654', '2013-07-24 16:53:43', 'C');
INSERT INTO `video` VALUES ('30755', '1', '1', '1.mkv', '2762d3ce-a0e3-40d1-9096-b3d93380c75f', '2762d3ce-a0e3-40d1-9096-b3d93380c75f', '视频标题476', '标签1 标签2 标签3', '视频描述476', '9314', '466', '731', '313', '1262', '2013-07-17 00:11:11', 'C');
INSERT INTO `video` VALUES ('30756', '1', '1', '1.mkv', '2762d3ce-a0e3-40d1-9096-b3d93380c75f', '2762d3ce-a0e3-40d1-9096-b3d93380c75f', '视频标题477', '标签1 标签2 标签3', '视频描述477', '4836', '961', '223', '18', '1191', '2013-07-22 18:06:36', 'C');
INSERT INTO `video` VALUES ('30757', '1', '1', '1.mkv', '2762d3ce-a0e3-40d1-9096-b3d93380c75f', '2762d3ce-a0e3-40d1-9096-b3d93380c75f', '视频标题478', '标签1 标签2 标签3', '视频描述478', '9521', '594', '998', '267', '370', '2013-07-19 08:34:53', 'C');
INSERT INTO `video` VALUES ('30758', '1', '1', '1.mkv', '2762d3ce-a0e3-40d1-9096-b3d93380c75f', '2762d3ce-a0e3-40d1-9096-b3d93380c75f', '视频标题479', '标签1 标签2 标签3', '视频描述479', '9304', '53', '807', '956', '2550', '2013-06-13 13:37:45', 'C');
INSERT INTO `video` VALUES ('30759', '1', '1', '1.mkv', '2762d3ce-a0e3-40d1-9096-b3d93380c75f', '2762d3ce-a0e3-40d1-9096-b3d93380c75f', '视频标题480', '标签1 标签2 标签3', '视频描述480', '4253', '563', '249', '12', '1809', '2013-06-13 00:26:10', 'C');
INSERT INTO `video` VALUES ('30760', '1', '1', '1.mkv', '2762d3ce-a0e3-40d1-9096-b3d93380c75f', '2762d3ce-a0e3-40d1-9096-b3d93380c75f', '视频标题481', '标签1 标签2 标签3', '视频描述481', '3493', '65', '611', '978', '318', '2013-07-22 09:06:38', 'C');
INSERT INTO `video` VALUES ('30761', '1', '1', '1.mkv', '2762d3ce-a0e3-40d1-9096-b3d93380c75f', '2762d3ce-a0e3-40d1-9096-b3d93380c75f', '视频标题482', '标签1 标签2 标签3', '视频描述482', '8101', '606', '591', '678', '2737', '2013-07-01 04:52:05', 'C');
INSERT INTO `video` VALUES ('30762', '1', '1', '1.mkv', '2762d3ce-a0e3-40d1-9096-b3d93380c75f', '2762d3ce-a0e3-40d1-9096-b3d93380c75f', '视频标题483', '标签1 标签2 标签3', '视频描述483', '8203', '431', '721', '554', '1276', '2013-07-29 10:02:24', 'C');
INSERT INTO `video` VALUES ('30763', '1', '1', '1.mkv', '2762d3ce-a0e3-40d1-9096-b3d93380c75f', '2762d3ce-a0e3-40d1-9096-b3d93380c75f', '视频标题484', '标签1 标签2 标签3', '视频描述484', '9329', '307', '799', '74', '2054', '2013-06-17 10:16:02', 'C');
INSERT INTO `video` VALUES ('30764', '1', '1', '1.mkv', '2762d3ce-a0e3-40d1-9096-b3d93380c75f', '2762d3ce-a0e3-40d1-9096-b3d93380c75f', '视频标题485', '标签1 标签2 标签3', '视频描述485', '6691', '289', '906', '232', '1286', '2013-07-23 14:31:47', 'C');
INSERT INTO `video` VALUES ('30765', '1', '1', '1.mkv', '2762d3ce-a0e3-40d1-9096-b3d93380c75f', '2762d3ce-a0e3-40d1-9096-b3d93380c75f', '视频标题486', '标签1 标签2 标签3', '视频描述486', '1575', '716', '917', '797', '2567', '2013-07-07 17:01:46', 'C');
INSERT INTO `video` VALUES ('30766', '1', '1', '1.mkv', '2762d3ce-a0e3-40d1-9096-b3d93380c75f', '2762d3ce-a0e3-40d1-9096-b3d93380c75f', '视频标题487', '标签1 标签2 标签3', '视频描述487', '9441', '240', '39', '939', '443', '2013-06-25 01:17:05', 'C');
INSERT INTO `video` VALUES ('30767', '1', '1', '1.mkv', '2762d3ce-a0e3-40d1-9096-b3d93380c75f', '2762d3ce-a0e3-40d1-9096-b3d93380c75f', '视频标题488', '标签1 标签2 标签3', '视频描述488', '2737', '73', '197', '215', '477', '2013-07-15 03:26:13', 'C');
INSERT INTO `video` VALUES ('30768', '1', '1', '1.mkv', '2762d3ce-a0e3-40d1-9096-b3d93380c75f', '2762d3ce-a0e3-40d1-9096-b3d93380c75f', '视频标题489', '标签1 标签2 标签3', '视频描述489', '1599', '240', '916', '507', '2957', '2013-06-20 19:27:58', 'C');
INSERT INTO `video` VALUES ('30769', '1', '1', '1.mkv', '2762d3ce-a0e3-40d1-9096-b3d93380c75f', '2762d3ce-a0e3-40d1-9096-b3d93380c75f', '视频标题490', '标签1 标签2 标签3', '视频描述490', '3939', '428', '530', '330', '2483', '2013-07-20 00:41:18', 'C');
INSERT INTO `video` VALUES ('30770', '1', '1', '1.mkv', '2762d3ce-a0e3-40d1-9096-b3d93380c75f', '2762d3ce-a0e3-40d1-9096-b3d93380c75f', '视频标题491', '标签1 标签2 标签3', '视频描述491', '6606', '257', '683', '530', '2194', '2013-07-14 08:16:52', 'C');
INSERT INTO `video` VALUES ('30771', '1', '1', '1.mkv', '2762d3ce-a0e3-40d1-9096-b3d93380c75f', '2762d3ce-a0e3-40d1-9096-b3d93380c75f', '视频标题492', '标签1 标签2 标签3', '视频描述492', '723', '136', '197', '396', '2039', '2013-07-27 08:18:55', 'C');
INSERT INTO `video` VALUES ('30772', '1', '1', '1.mkv', '2762d3ce-a0e3-40d1-9096-b3d93380c75f', '2762d3ce-a0e3-40d1-9096-b3d93380c75f', '视频标题493', '标签1 标签2 标签3', '视频描述493', '8943', '356', '7', '876', '2378', '2013-07-14 23:22:14', 'C');
INSERT INTO `video` VALUES ('30773', '1', '1', '1.mkv', '2762d3ce-a0e3-40d1-9096-b3d93380c75f', '2762d3ce-a0e3-40d1-9096-b3d93380c75f', '视频标题494', '标签1 标签2 标签3', '视频描述494', '5066', '195', '641', '482', '1032', '2013-06-13 05:49:16', 'C');
INSERT INTO `video` VALUES ('30774', '1', '1', '1.mkv', '2762d3ce-a0e3-40d1-9096-b3d93380c75f', '2762d3ce-a0e3-40d1-9096-b3d93380c75f', '视频标题495', '标签1 标签2 标签3', '视频描述495', '4136', '695', '209', '229', '1698', '2013-06-30 20:27:51', 'C');
INSERT INTO `video` VALUES ('30775', '1', '1', '1.mkv', '2762d3ce-a0e3-40d1-9096-b3d93380c75f', '2762d3ce-a0e3-40d1-9096-b3d93380c75f', '视频标题496', '标签1 标签2 标签3', '视频描述496', '815', '44', '514', '795', '848', '2013-06-25 10:32:56', 'C');
INSERT INTO `video` VALUES ('30776', '1', '1', '1.mkv', '2762d3ce-a0e3-40d1-9096-b3d93380c75f', '2762d3ce-a0e3-40d1-9096-b3d93380c75f', '视频标题497', '标签1 标签2 标签3', '视频描述497', '7914', '478', '873', '110', '1350', '2013-06-20 14:02:44', 'C');
INSERT INTO `video` VALUES ('30777', '1', '1', '1.mkv', '2762d3ce-a0e3-40d1-9096-b3d93380c75f', '2762d3ce-a0e3-40d1-9096-b3d93380c75f', '视频标题498', '标签1 标签2 标签3', '视频描述498', '4556', '323', '453', '149', '2265', '2013-06-18 02:50:58', 'C');
INSERT INTO `video` VALUES ('30778', '1', '1', '1.mkv', '2762d3ce-a0e3-40d1-9096-b3d93380c75f', '2762d3ce-a0e3-40d1-9096-b3d93380c75f', '视频标题499', '标签1 标签2 标签3', '视频描述499', '7974', '47', '235', '731', '1621', '2013-07-15 21:41:51', 'C');
INSERT INTO `video` VALUES ('30779', '1', '1', '1.mkv', '2762d3ce-a0e3-40d1-9096-b3d93380c75f', '2762d3ce-a0e3-40d1-9096-b3d93380c75f', '视频标题500', '标签1 标签2 标签3', '视频描述500', '7985', '469', '474', '151', '132', '2013-07-15 15:05:23', 'C');
INSERT INTO `video` VALUES ('30780', '1', '1', '1.mkv', '2762d3ce-a0e3-40d1-9096-b3d93380c75f', '2762d3ce-a0e3-40d1-9096-b3d93380c75f', '视频标题501', '标签1 标签2 标签3', '视频描述501', '3223', '593', '129', '388', '1095', '2013-07-15 00:29:02', 'C');
INSERT INTO `video` VALUES ('30781', '1', '1', '1.mkv', '2762d3ce-a0e3-40d1-9096-b3d93380c75f', '2762d3ce-a0e3-40d1-9096-b3d93380c75f', '视频标题502', '标签1 标签2 标签3', '视频描述502', '9885', '961', '382', '179', '1076', '2013-07-07 18:50:10', 'C');
INSERT INTO `video` VALUES ('30782', '1', '1', '1.mkv', '2762d3ce-a0e3-40d1-9096-b3d93380c75f', '2762d3ce-a0e3-40d1-9096-b3d93380c75f', '视频标题503', '标签1 标签2 标签3', '视频描述503', '2707', '369', '695', '22', '1129', '2013-07-01 08:04:18', 'C');
INSERT INTO `video` VALUES ('30783', '1', '1', '1.mkv', '2762d3ce-a0e3-40d1-9096-b3d93380c75f', '2762d3ce-a0e3-40d1-9096-b3d93380c75f', '视频标题504', '标签1 标签2 标签3', '视频描述504', '8003', '345', '733', '599', '1867', '2013-07-08 11:49:11', 'C');
INSERT INTO `video` VALUES ('30784', '1', '1', '1.mkv', '2762d3ce-a0e3-40d1-9096-b3d93380c75f', '2762d3ce-a0e3-40d1-9096-b3d93380c75f', '视频标题505', '标签1 标签2 标签3', '视频描述505', '8995', '122', '642', '341', '2320', '2013-06-29 14:34:55', 'C');
INSERT INTO `video` VALUES ('30785', '1', '1', '1.mkv', '2762d3ce-a0e3-40d1-9096-b3d93380c75f', '2762d3ce-a0e3-40d1-9096-b3d93380c75f', '视频标题506', '标签1 标签2 标签3', '视频描述506', '2081', '496', '444', '32', '2771', '2013-06-17 04:15:58', 'C');
INSERT INTO `video` VALUES ('30786', '1', '1', '1.mkv', '2762d3ce-a0e3-40d1-9096-b3d93380c75f', '2762d3ce-a0e3-40d1-9096-b3d93380c75f', '视频标题507', '标签1 标签2 标签3', '视频描述507', '2425', '768', '691', '377', '707', '2013-06-23 11:44:01', 'C');
INSERT INTO `video` VALUES ('30787', '1', '1', '1.mkv', '2762d3ce-a0e3-40d1-9096-b3d93380c75f', '2762d3ce-a0e3-40d1-9096-b3d93380c75f', '视频标题508', '标签1 标签2 标签3', '视频描述508', '6420', '781', '917', '474', '1453', '2013-07-01 15:49:03', 'C');
INSERT INTO `video` VALUES ('30788', '1', '1', '1.mkv', '2762d3ce-a0e3-40d1-9096-b3d93380c75f', '2762d3ce-a0e3-40d1-9096-b3d93380c75f', '视频标题509', '标签1 标签2 标签3', '视频描述509', '1416', '120', '529', '674', '555', '2013-06-26 15:38:50', 'C');
INSERT INTO `video` VALUES ('30789', '1', '1', '1.mkv', '2762d3ce-a0e3-40d1-9096-b3d93380c75f', '2762d3ce-a0e3-40d1-9096-b3d93380c75f', '视频标题510', '标签1 标签2 标签3', '视频描述510', '5120', '393', '827', '23', '1664', '2013-07-11 09:20:39', 'C');
INSERT INTO `video` VALUES ('30790', '1', '1', '1.mkv', '2762d3ce-a0e3-40d1-9096-b3d93380c75f', '2762d3ce-a0e3-40d1-9096-b3d93380c75f', '视频标题511', '标签1 标签2 标签3', '视频描述511', '8663', '742', '747', '425', '1085', '2013-06-22 05:02:55', 'C');
INSERT INTO `video` VALUES ('30791', '1', '1', '1.mkv', '2762d3ce-a0e3-40d1-9096-b3d93380c75f', '2762d3ce-a0e3-40d1-9096-b3d93380c75f', '视频标题512', '标签1 标签2 标签3', '视频描述512', '9813', '491', '196', '155', '2159', '2013-06-14 11:38:10', 'C');
INSERT INTO `video` VALUES ('30792', '1', '1', '1.mkv', '2762d3ce-a0e3-40d1-9096-b3d93380c75f', '2762d3ce-a0e3-40d1-9096-b3d93380c75f', '视频标题513', '标签1 标签2 标签3', '视频描述513', '5767', '459', '50', '845', '640', '2013-07-09 05:40:53', 'C');
INSERT INTO `video` VALUES ('30794', '1', '1', 'video_download8.mp4', '16f6c81d-3dfd-420f-9641-f4564233da30', '16f6c81d-3dfd-420f-9641-f4564233da30', 'aasdas', 'sd', 'sd', '0', '0', '0', '0', '14', '2013-07-06 01:41:50', 'C');
